entity_type,field,total_records,missing_count,present_count,missing_percent,present_percent
module,module_code,16,0,16,0.0,100.0
module,module_title,16,0,16,0.0,100.0
module,program,16,0,16,0.0,100.0
module,degree_level,16,0,16,0.0,100.0
module,module_group,16,2,14,12.5,87.5
module,recommended_semester,16,0,16,0.0,100.0
module,ects,16,0,16,0.0,100.0
module,duration,16,0,16,0.0,100.0
module,frequency,16,0,16,0.0,100.0
module,language,16,0,16,0.0,100.0
module,responsible_persons,16,16,0,100.0,0.0
module,lecturers,16,16,0,100.0,0.0
module,exam,16,0,16,0.0,100.0
module,prerequisites,16,0,16,0.0,100.0
module,source_pages,16,0,16,0.0,100.0
chunk,chunk_id,163,0,163,0.0,100.0
chunk,parent_module_id,163,3,160,1.8404907975460123,98.15950920245399
chunk,module_title,163,3,160,1.8404907975460123,98.15950920245399
chunk,module_code,163,3,160,1.8404907975460123,98.15950920245399
chunk,section_type,163,0,163,0.0,100.0
chunk,chunk_type,163,0,163,0.0,100.0
chunk,retrieval_priority,163,0,163,0.0,100.0
chunk,page_refs,163,0,163,0.0,100.0
chunk,text,163,0,163,0.0,100.0
table,table_id,17,0,17,0.0,100.0
table,parent_module_id,17,1,16,5.88235294117647,94.11764705882352
table,caption,17,0,17,0.0,100.0
table,context,17,0,17,0.0,100.0
table,rows,17,0,17,0.0,100.0
table,columns,17,0,17,0.0,100.0
