metric,value
total_chunks,163.0
average_chunk_words,64.1963190184049
median_chunk_words,51.0
average_approx_tokens,83.91411042944786
percent_chunks_under_100_tokens,80.98159509202453
percent_chunks_100_to_800_tokens,19.018404907975462
percent_chunks_over_1200_tokens,0.0
percent_chunks_with_page_references,100.0
percent_chunks_with_parent_module_ids,98.15950920245399
percent_chunks_with_keywords,100.0
percent_chunks_with_standalone_context,98.15950920245399
overview_chunk_count,1.0
prerequisite_chunk_count,16.0
exam_chunk_count,16.0
learning_outcome_chunk_count,16.0
content_chunk_count,1.0
modules_without_chunks,0.0
chunks_with_invalid_parent_module_ids,0.0
modules_missing_ects,0.0
modules_missing_exam_information,0.0
modules_missing_prerequisites,0.0
tables_with_low_or_medium_confidence,0.0
