keyword,count
Computerlinguistik (integrativ),162
Bachelorstudium,161
12 ECTS,80
-keine-,60
Aufbaumodul,50
Basismodul,40
6 ECTS,40
ECTS,32
Studieninhalte,32
Vertiefungsmodul,31
9 ECTS,30
Seminar,26
Praktikum,26
Basiswissen Linguistik,20
Modulübersicht,16
Overview,16
Fachsemester,16
Semester,16
Dauer,16
Häufigkeit,16
Workload,16
Kontaktzeit,16
Selbststudium,16
SWS,16
Stunden,16
Lehrveranstaltungen,16
Lehrformen,16
Belegung,16
Übung,16
Vorlesung,16
Kolloquium,16
Inhalte,16
Themen,16
Lernergebnisse,16
Kompetenzen,16
Teilnahmevoraussetzungen,16
Voraussetzungen,16
Formal,16
Inhaltlich,16
Prüfungsformen,16
Pnr,16
Modulprüfung,16
Klausur,16
Hausarbeit,16
Projektarbeit,16
Bachelorarbeit,16
Mündliche Prüfung,16
Studienarbeit,16
Tabelle,16
Modultabelle,16
