table_id,record_type,parent_module_id,source_file,page_start,page_end,extracted_page_numbers,caption,context,row_count,column_count,has_caption,has_context,has_rows,has_columns,spans_multiple_pages,extraction_confidence,low_or_medium_confidence,invalid_parent_module_id,extraction_notes,duplicate_table_id
table-document-toc,table,,modulhandbuch.pdf,1,1,1,Inhalt,Inhaltsverzeichnis des Modulhandbuchs.,18,2,True,True,True,True,False,high,False,False,,False
table-module-2100,table,module-2100,modulhandbuch.pdf,4,5,"4,5",Modultabelle: Basismodul – Mathematische und logische Grundlagen,Strukturierte Feld-Wert-Darstellung des Moduls 2100 aus dem Modulhandbuch.,21,2,True,True,True,True,True,high,False,False,,False
table-module-2200,table,module-2200,modulhandbuch.pdf,6,7,"6,7",Modultabelle: Basismodul – Grundlagen der Computerlinguistik und formale Grammatikbeschreibung,Strukturierte Feld-Wert-Darstellung des Moduls 2200 aus dem Modulhandbuch.,21,2,True,True,True,True,True,high,False,False,,False
table-module-2300,table,module-2300,modulhandbuch.pdf,8,9,"8,9",Modultabelle: Basismodul – Python-Programmierung,Strukturierte Feld-Wert-Darstellung des Moduls 2300 aus dem Modulhandbuch.,21,2,True,True,True,True,True,high,False,False,,False
table-module-1300,table,module-1300,modulhandbuch.pdf,10,11,"10,11",Modultabelle: Basiswissen Linguistik – Morphologie und Syntax,Strukturierte Feld-Wert-Darstellung des Moduls 1300 aus dem Modulhandbuch.,21,2,True,True,True,True,True,high,False,False,,False
table-module-1400,table,module-1400,modulhandbuch.pdf,12,13,"12,13",Modultabelle: Basiswissen Linguistik – Semantik und Pragmatik,Strukturierte Feld-Wert-Darstellung des Moduls 1400 aus dem Modulhandbuch.,21,2,True,True,True,True,True,high,False,False,,False
table-module-2400,table,module-2400,modulhandbuch.pdf,14,15,"14,15",Modultabelle: Basismodul – Statistische Methoden in der Computerlinguistik,Strukturierte Feld-Wert-Darstellung des Moduls 2400 aus dem Modulhandbuch.,21,2,True,True,True,True,True,high,False,False,,False
table-module-4100,table,module-4100,modulhandbuch.pdf,16,17,"16,17",Modultabelle: Aufbaumodul – Maschinelles Lernen,Strukturierte Feld-Wert-Darstellung des Moduls 4100 aus dem Modulhandbuch.,21,2,True,True,True,True,True,high,False,False,,False
table-module-4200,table,module-4200,modulhandbuch.pdf,18,19,"18,19",Modultabelle: Aufbaumodul – Mathematische Linguistik,Strukturierte Feld-Wert-Darstellung des Moduls 4200 aus dem Modulhandbuch.,21,2,True,True,True,True,True,high,False,False,,False
table-module-4300,table,module-4300,modulhandbuch.pdf,20,21,"20,21",Modultabelle: Aufbaumodul – Parsing,Strukturierte Feld-Wert-Darstellung des Moduls 4300 aus dem Modulhandbuch.,21,2,True,True,True,True,True,high,False,False,,False
table-module-4400,table,module-4400,modulhandbuch.pdf,22,23,"22,23",Modultabelle: Aufbaumodul – Logische Programmierung,Strukturierte Feld-Wert-Darstellung des Moduls 4400 aus dem Modulhandbuch.,21,2,True,True,True,True,True,high,False,False,,False
table-module-4500,table,module-4500,modulhandbuch.pdf,24,25,"24,25",Modultabelle: Aufbaumodul – Objektorientierte Programmierung,Strukturierte Feld-Wert-Darstellung des Moduls 4500 aus dem Modulhandbuch.,21,2,True,True,True,True,True,high,False,False,,False
table-module-3000,table,module-3000,modulhandbuch.pdf,26,27,"26,27",Modultabelle: Praktikum & Orientierung,Strukturierte Feld-Wert-Darstellung des Moduls 3000 aus dem Modulhandbuch.,21,2,True,True,True,True,True,high,False,False,,False
table-module-5100,table,module-5100,modulhandbuch.pdf,28,29,"28,29",Modultabelle: Vertiefungsmodul – Interdisziplinär,Strukturierte Feld-Wert-Darstellung des Moduls 5100 aus dem Modulhandbuch.,21,2,True,True,True,True,True,high,False,False,,False
table-module-5200,table,module-5200,modulhandbuch.pdf,30,31,"30,31",Modultabelle: Vertiefungsmodul – Computerlinguistik 1,Strukturierte Feld-Wert-Darstellung des Moduls 5200 aus dem Modulhandbuch.,21,2,True,True,True,True,True,high,False,False,,False
table-module-5300,table,module-5300,modulhandbuch.pdf,32,33,"32,33",Modultabelle: Vertiefungsmodul – Computerlinguistik 2,Strukturierte Feld-Wert-Darstellung des Moduls 5300 aus dem Modulhandbuch.,21,2,True,True,True,True,True,high,False,False,,False
table-module-5900,table,module-5900,modulhandbuch.pdf,34,35,"34,35",Modultabelle: Abschlussarbeit und Forschungskolloquium,Strukturierte Feld-Wert-Darstellung des Moduls 5900 aus dem Modulhandbuch.,21,2,True,True,True,True,True,high,False,False,,False
