representation,question_id,gold_size,top_score,second_score,top1_top2_gap,best_gold_score,worst_gold_score,best_non_gold_score,best_gold_margin,worst_gold_margin
sentence_bert,Q0013,1,0.704572319984436,0.6775658130645752,0.02700650691986084,0.48606008291244507,0.48606008291244507,0.704572319984436,-0.21851223707199097,-0.21851223707199097
sentence_bert,Q0014,1,0.7834615111351013,0.7394897937774658,0.0439717173576355,0.6664832830429077,0.6664832830429077,0.7834615111351013,-0.1169782280921936,-0.1169782280921936
sentence_bert,Q0018,1,0.7176229357719421,0.5319236516952515,0.18569928407669067,0.7176229357719421,0.7176229357719421,0.5319236516952515,0.18569928407669067,0.18569928407669067
sentence_bert,Q0019,1,0.6931546926498413,0.6017073392868042,0.09144735336303711,0.6931546926498413,0.6931546926498413,0.6017073392868042,0.09144735336303711,0.09144735336303711
sentence_bert,Q0020,1,0.7450491786003113,0.7310665249824524,0.013982653617858887,0.7450491786003113,0.7450491786003113,0.7310665249824524,0.013982653617858887,0.013982653617858887
sentence_bert,Q0021,1,0.6680716276168823,0.5692213773727417,0.09885025024414062,0.6680716276168823,0.6680716276168823,0.5692213773727417,0.09885025024414062,0.09885025024414062
sentence_bert,Q0022,1,0.7223483324050903,0.709871768951416,0.012476563453674316,0.7223483324050903,0.7223483324050903,0.709871768951416,0.012476563453674316,0.012476563453674316
sentence_bert,Q0023,1,0.7668311595916748,0.7324038743972778,0.03442728519439697,0.7668311595916748,0.7668311595916748,0.7324038743972778,0.03442728519439697,0.03442728519439697
sentence_bert,Q0024,1,0.660162091255188,0.6488832235336304,0.011278867721557617,0.5120673179626465,0.5120673179626465,0.660162091255188,-0.1480947732925415,-0.1480947732925415
sentence_bert,Q0025,1,0.6462730765342712,0.6391379833221436,0.0071350932121276855,0.6462730765342712,0.6462730765342712,0.6391379833221436,0.0071350932121276855,0.0071350932121276855
sentence_bert,Q0026,1,0.7324835062026978,0.6660993695259094,0.06638413667678833,0.7324835062026978,0.7324835062026978,0.6660993695259094,0.06638413667678833,0.06638413667678833
sentence_bert,Q0027,1,0.7335465550422668,0.7296528816223145,0.0038936734199523926,0.6815953254699707,0.6815953254699707,0.7335465550422668,-0.05195122957229614,-0.05195122957229614
sentence_bert,Q0028,1,0.7226226329803467,0.7178064584732056,0.004816174507141113,0.7226226329803467,0.7226226329803467,0.7178064584732056,0.004816174507141113,0.004816174507141113
sentence_bert,Q0029,1,0.7150428891181946,0.7076176404953003,0.007425248622894287,0.7150428891181946,0.7150428891181946,0.7076176404953003,0.007425248622894287,0.007425248622894287
sentence_bert,Q0030,1,0.6918365955352783,0.6740267276763916,0.01780986785888672,0.6918365955352783,0.6918365955352783,0.6740267276763916,0.01780986785888672,0.01780986785888672
sentence_bert,Q0031,1,0.7868317365646362,0.72279953956604,0.06403219699859619,0.6854790449142456,0.6854790449142456,0.7868317365646362,-0.10135269165039062,-0.10135269165039062
sentence_bert,Q0032,1,0.7217333316802979,0.695871114730835,0.02586221694946289,0.7217333316802979,0.7217333316802979,0.695871114730835,0.02586221694946289,0.02586221694946289
sentence_bert,Q0033,1,0.7125569581985474,0.6934996843338013,0.019057273864746094,0.7125569581985474,0.7125569581985474,0.6934996843338013,0.019057273864746094,0.019057273864746094
sentence_bert,Q0034,1,0.6744258999824524,0.6573157906532288,0.017110109329223633,0.6573157906532288,0.6573157906532288,0.6744258999824524,-0.017110109329223633,-0.017110109329223633
sentence_bert,Q0035,1,0.8042147159576416,0.7155505418777466,0.08866417407989502,0.8042147159576416,0.8042147159576416,0.7155505418777466,0.08866417407989502,0.08866417407989502
sentence_bert,Q0036,1,0.6431949138641357,0.63671875,0.006476163864135742,0.5669596791267395,0.5669596791267395,0.6431949138641357,-0.07623523473739624,-0.07623523473739624
sentence_bert,Q0038,1,0.7192956209182739,0.6927621364593506,0.02653348445892334,0.6927621364593506,0.6927621364593506,0.7192956209182739,-0.02653348445892334,-0.02653348445892334
sentence_bert,Q0044,1,0.4742913842201233,0.4479646682739258,0.02632671594619751,0.4742913842201233,0.4742913842201233,0.4479646682739258,0.02632671594619751,0.02632671594619751
sentence_bert,Q0048,1,0.476606547832489,0.46795767545700073,0.008648872375488281,0.476606547832489,0.476606547832489,0.46795767545700073,0.008648872375488281,0.008648872375488281
sentence_bert,Q0049,1,0.6219852566719055,0.6160683631896973,0.005916893482208252,0.6219852566719055,0.6219852566719055,0.6160683631896973,0.005916893482208252,0.005916893482208252
sentence_bert,Q0050,1,0.41499635577201843,0.4142829179763794,0.0007134377956390381,0.4142829179763794,0.4142829179763794,0.41499635577201843,-0.0007134377956390381,-0.0007134377956390381
sentence_bert,Q0051,1,0.5955679416656494,0.44948258996009827,0.14608535170555115,0.5955679416656494,0.5955679416656494,0.44948258996009827,0.14608535170555115,0.14608535170555115
sentence_bert,Q0052,1,0.4101617932319641,0.40443891286849976,0.0057228803634643555,0.40443891286849976,0.40443891286849976,0.4101617932319641,-0.0057228803634643555,-0.0057228803634643555
sentence_bert,Q0053,1,0.4731958210468292,0.42963045835494995,0.04356536269187927,0.4731958210468292,0.4731958210468292,0.42963045835494995,0.04356536269187927,0.04356536269187927
sentence_bert,Q0054,1,0.5762540698051453,0.5460737347602844,0.03018033504486084,0.44775187969207764,0.44775187969207764,0.5762540698051453,-0.12850219011306763,-0.12850219011306763
sentence_bert,Q0055,1,0.5245233774185181,0.4787934422492981,0.04572993516921997,0.4098552167415619,0.4098552167415619,0.5245233774185181,-0.11466816067695618,-0.11466816067695618
sentence_bert,Q0056,1,0.6599514484405518,0.5807141065597534,0.07923734188079834,0.6599514484405518,0.6599514484405518,0.5807141065597534,0.07923734188079834,0.07923734188079834
sentence_bert,Q0057,1,0.6813084483146667,0.6597409844398499,0.021567463874816895,0.6320161819458008,0.6320161819458008,0.6813084483146667,-0.04929226636886597,-0.04929226636886597
sentence_bert,Q0058,1,0.7386055588722229,0.6577950716018677,0.08081048727035522,0.7386055588722229,0.7386055588722229,0.6577950716018677,0.08081048727035522,0.08081048727035522
sentence_bert,Q0059,1,0.7860028743743896,0.7058695554733276,0.08013331890106201,0.7860028743743896,0.7860028743743896,0.7058695554733276,0.08013331890106201,0.08013331890106201
sentence_bert,Q0060,1,0.8050726652145386,0.7083402872085571,0.09673237800598145,0.8050726652145386,0.8050726652145386,0.7083402872085571,0.09673237800598145,0.09673237800598145
sentence_bert,Q0061,1,0.7934940457344055,0.7083065509796143,0.08518749475479126,0.7934940457344055,0.7934940457344055,0.7083065509796143,0.08518749475479126,0.08518749475479126
sentence_bert,Q0062,1,0.8096448183059692,0.6894721984863281,0.12017261981964111,0.8096448183059692,0.8096448183059692,0.6894721984863281,0.12017261981964111,0.12017261981964111
sentence_bert,Q0063,1,0.7508279085159302,0.7449860572814941,0.005841851234436035,0.7449860572814941,0.7449860572814941,0.7508279085159302,-0.005841851234436035,-0.005841851234436035
sentence_bert,Q0074,1,0.7245402336120605,0.7202255725860596,0.0043146610260009766,0.7245402336120605,0.7245402336120605,0.7202255725860596,0.0043146610260009766,0.0043146610260009766
sentence_bert,Q0075,1,0.7582110166549683,0.7138638496398926,0.044347167015075684,0.6845081448554993,0.6845081448554993,0.7582110166549683,-0.073702871799469,-0.073702871799469
sentence_bert,Q0076,1,0.5955039262771606,0.5599069595336914,0.03559696674346924,0.5955039262771606,0.5955039262771606,0.5599069595336914,0.03559696674346924,0.03559696674346924
sentence_bert,Q0077,1,0.823963463306427,0.7591602802276611,0.06480318307876587,0.823963463306427,0.823963463306427,0.7591602802276611,0.06480318307876587,0.06480318307876587
sentence_bert,Q0078,1,0.7516602277755737,0.73405522108078,0.0176050066947937,0.7070660591125488,0.7070660591125488,0.7516602277755737,-0.0445941686630249,-0.0445941686630249
sentence_bert,Q0079,1,0.685814380645752,0.6592073440551758,0.026607036590576172,0.6494361162185669,0.6494361162185669,0.685814380645752,-0.03637826442718506,-0.03637826442718506
sentence_bert,Q0080,1,0.6930584907531738,0.6760858297348022,0.016972661018371582,0.6199456453323364,0.6199456453323364,0.6930584907531738,-0.0731128454208374,-0.0731128454208374
sentence_bert,Q0081,1,0.5908944606781006,0.583046555519104,0.007847905158996582,0.5648716688156128,0.5648716688156128,0.5908944606781006,-0.026022791862487793,-0.026022791862487793
sentence_bert,Q0082,1,0.6572558879852295,0.643002450466156,0.014253437519073486,0.6028506755828857,0.6028506755828857,0.6572558879852295,-0.05440521240234375,-0.05440521240234375
sentence_bert,Q0083,1,0.7393923997879028,0.726125180721283,0.013267219066619873,0.6663514375686646,0.6663514375686646,0.7393923997879028,-0.07304096221923828,-0.07304096221923828
sentence_bert,Q0084,1,0.6841434836387634,0.684002161026001,0.00014132261276245117,0.6841434836387634,0.6841434836387634,0.684002161026001,0.00014132261276245117,0.00014132261276245117
sentence_bert,Q0092,1,0.6492377519607544,0.6263611316680908,0.022876620292663574,0.6492377519607544,0.6492377519607544,0.6263611316680908,0.022876620292663574,0.022876620292663574
sentence_bert,Q0093,1,0.7005050778388977,0.6166753768920898,0.08382970094680786,0.7005050778388977,0.7005050778388977,0.6166753768920898,0.08382970094680786,0.08382970094680786
sentence_bert,Q0094,1,0.533297598361969,0.36712563037872314,0.16617196798324585,0.533297598361969,0.533297598361969,0.36712563037872314,0.16617196798324585,0.16617196798324585
sentence_bert,Q0096,1,0.6765450835227966,0.6009429693222046,0.07560211420059204,0.6765450835227966,0.6765450835227966,0.6009429693222046,0.07560211420059204,0.07560211420059204
sentence_bert,Q0097,1,0.6660659313201904,0.5849270820617676,0.08113884925842285,0.6660659313201904,0.6660659313201904,0.5849270820617676,0.08113884925842285,0.08113884925842285
sentence_bert,Q0098,1,0.7241894006729126,0.6599526405334473,0.06423676013946533,0.7241894006729126,0.7241894006729126,0.6599526405334473,0.06423676013946533,0.06423676013946533
sentence_bert,Q0099,1,0.7961905598640442,0.6671845316886902,0.129006028175354,0.7961905598640442,0.7961905598640442,0.6671845316886902,0.129006028175354,0.129006028175354
sentence_bert,Q0100,1,0.7003160715103149,0.555890679359436,0.1444253921508789,0.7003160715103149,0.7003160715103149,0.555890679359436,0.1444253921508789,0.1444253921508789
sentence_bert,Q0101,1,0.7483992576599121,0.610734224319458,0.1376650333404541,0.7483992576599121,0.7483992576599121,0.610734224319458,0.1376650333404541,0.1376650333404541
sentence_bert,Q0102,1,0.8599146008491516,0.7093404531478882,0.15057414770126343,0.8599146008491516,0.8599146008491516,0.7093404531478882,0.15057414770126343,0.15057414770126343
sentence_bert,Q0103,1,0.8367085456848145,0.7357124090194702,0.10099613666534424,0.8367085456848145,0.8367085456848145,0.7357124090194702,0.10099613666534424,0.10099613666534424
sentence_bert,Q0104,1,0.5995450019836426,0.5884321331977844,0.011112868785858154,0.5995450019836426,0.5995450019836426,0.5884321331977844,0.011112868785858154,0.011112868785858154
sentence_bert,Q0105,1,0.6999543905258179,0.6520825624465942,0.04787182807922363,0.6999543905258179,0.6999543905258179,0.6520825624465942,0.04787182807922363,0.04787182807922363
sentence_bert,Q0106,1,0.6400856971740723,0.623064398765564,0.0170212984085083,0.6400856971740723,0.6400856971740723,0.623064398765564,0.0170212984085083,0.0170212984085083
sentence_bert,Q0107,1,0.6948738098144531,0.633198618888855,0.061675190925598145,0.6948738098144531,0.6948738098144531,0.633198618888855,0.061675190925598145,0.061675190925598145
sentence_bert,Q0118,1,0.8499289751052856,0.6382708549499512,0.21165812015533447,0.8499289751052856,0.8499289751052856,0.6382708549499512,0.21165812015533447,0.21165812015533447
sentence_bert,Q0119,1,0.8175990581512451,0.6324640512466431,0.18513500690460205,0.8175990581512451,0.8175990581512451,0.6324640512466431,0.18513500690460205,0.18513500690460205
sentence_bert,Q0121,1,0.8103959560394287,0.7088280916213989,0.10156786441802979,0.8103959560394287,0.8103959560394287,0.7088280916213989,0.10156786441802979,0.10156786441802979
sentence_bert,Q0122,1,0.7114591598510742,0.7005455493927002,0.010913610458374023,0.7005455493927002,0.7005455493927002,0.7114591598510742,-0.010913610458374023,-0.010913610458374023
sentence_bert,Q0123,1,0.8010538220405579,0.7449553608894348,0.05609846115112305,0.8010538220405579,0.8010538220405579,0.7449553608894348,0.05609846115112305,0.05609846115112305
sentence_bert,Q0124,1,0.7710573673248291,0.7476260662078857,0.02343130111694336,0.7710573673248291,0.7710573673248291,0.7476260662078857,0.02343130111694336,0.02343130111694336
sentence_bert,Q0125,1,0.7471997737884521,0.7150247097015381,0.03217506408691406,0.7132775783538818,0.7132775783538818,0.7471997737884521,-0.03392219543457031,-0.03392219543457031
sentence_bert,Q0126,1,0.7988076210021973,0.7577164769172668,0.04109114408493042,0.7988076210021973,0.7988076210021973,0.7577164769172668,0.04109114408493042,0.04109114408493042
sentence_bert,Q0127,1,0.7316708564758301,0.6978144645690918,0.03385639190673828,0.7316708564758301,0.7316708564758301,0.6978144645690918,0.03385639190673828,0.03385639190673828
sentence_bert,Q0128,1,0.7585660219192505,0.7450904846191406,0.013475537300109863,0.7450904846191406,0.7450904846191406,0.7585660219192505,-0.013475537300109863,-0.013475537300109863
sentence_bert,Q0130,1,0.8005130290985107,0.7353596091270447,0.06515341997146606,0.8005130290985107,0.8005130290985107,0.7353596091270447,0.06515341997146606,0.06515341997146606
sentence_bert,Q0131,1,0.879122257232666,0.8373309373855591,0.041791319847106934,0.879122257232666,0.879122257232666,0.8373309373855591,0.041791319847106934,0.041791319847106934
sentence_bert,Q0132,1,0.7620534896850586,0.6919469833374023,0.07010650634765625,0.7620534896850586,0.7620534896850586,0.6919469833374023,0.07010650634765625,0.07010650634765625
sentence_bert,Q0133,1,0.8069340586662292,0.7720312476158142,0.03490281105041504,0.759650707244873,0.759650707244873,0.8069340586662292,-0.0472833514213562,-0.0472833514213562
sentence_bert,Q0134,1,0.6485940217971802,0.642289400100708,0.006304621696472168,0.6387312412261963,0.6387312412261963,0.6485940217971802,-0.009862780570983887,-0.009862780570983887
sentence_bert,Q0135,1,0.4047089219093323,0.4011871814727783,0.003521740436553955,0.35872602462768555,0.35872602462768555,0.4047089219093323,-0.04598289728164673,-0.04598289728164673
sentence_bert,Q0136,1,0.759722113609314,0.7461843490600586,0.013537764549255371,0.7026517391204834,0.7026517391204834,0.759722113609314,-0.057070374488830566,-0.057070374488830566
sentence_bert,Q0137,1,0.7724339365959167,0.7694094181060791,0.0030245184898376465,0.7694094181060791,0.7694094181060791,0.7724339365959167,-0.0030245184898376465,-0.0030245184898376465
sentence_bert,Q0138,1,0.7467340230941772,0.736844003200531,0.00989001989364624,0.7467340230941772,0.7467340230941772,0.736844003200531,0.00989001989364624,0.00989001989364624
sentence_bert,Q0139,1,0.7902789115905762,0.7836984395980835,0.006580471992492676,0.7836984395980835,0.7836984395980835,0.7902789115905762,-0.006580471992492676,-0.006580471992492676
sentence_bert,Q0140,1,0.7760663032531738,0.7623341083526611,0.013732194900512695,0.7623341083526611,0.7623341083526611,0.7760663032531738,-0.013732194900512695,-0.013732194900512695
sentence_bert,Q0141,1,0.7649177312850952,0.7032047510147095,0.06171298027038574,0.7032047510147095,0.7032047510147095,0.7649177312850952,-0.06171298027038574,-0.06171298027038574
sentence_bert,Q0142,1,0.7470812797546387,0.6065480709075928,0.1405332088470459,0.5832580327987671,0.5832580327987671,0.7470812797546387,-0.16382324695587158,-0.16382324695587158
sentence_bert,Q0143,1,0.750922679901123,0.7469820976257324,0.003940582275390625,0.750922679901123,0.750922679901123,0.7469820976257324,0.003940582275390625,0.003940582275390625
sentence_bert,Q0144,1,0.7657314538955688,0.6925533413887024,0.07317811250686646,0.7657314538955688,0.7657314538955688,0.6925533413887024,0.07317811250686646,0.07317811250686646
sentence_bert,Q0145,1,0.7841641902923584,0.7528597116470337,0.03130447864532471,0.7841641902923584,0.7841641902923584,0.7528597116470337,0.03130447864532471,0.03130447864532471
sentence_bert,Q0161,1,0.7064658403396606,0.7045772075653076,0.0018886327743530273,0.6736172437667847,0.6736172437667847,0.7064658403396606,-0.03284859657287598,-0.03284859657287598
sentence_bert,Q0167,1,0.8278175592422485,0.7591015100479126,0.06871604919433594,0.8278175592422485,0.8278175592422485,0.7591015100479126,0.06871604919433594,0.06871604919433594
sentence_bert,Q0168,1,0.8194945454597473,0.7603216171264648,0.05917292833328247,0.8194945454597473,0.8194945454597473,0.7603216171264648,0.05917292833328247,0.05917292833328247
sentence_bert,Q0169,1,0.7336006164550781,0.729414701461792,0.004185914993286133,0.7025866508483887,0.7025866508483887,0.7336006164550781,-0.031013965606689453,-0.031013965606689453
sentence_bert,Q0170,1,0.748724639415741,0.6621262431144714,0.08659839630126953,0.748724639415741,0.748724639415741,0.6621262431144714,0.08659839630126953,0.08659839630126953
sentence_bert,Q0171,1,0.6285530924797058,0.6162030696868896,0.012350022792816162,0.5506299734115601,0.5506299734115601,0.6285530924797058,-0.07792311906814575,-0.07792311906814575
sentence_bert,Q0172,1,0.6798301935195923,0.6716963648796082,0.00813382863998413,0.6798301935195923,0.6798301935195923,0.6716963648796082,0.00813382863998413,0.00813382863998413
sentence_bert,Q0173,1,0.7726238965988159,0.7299814820289612,0.042642414569854736,0.7299814820289612,0.7299814820289612,0.7726238965988159,-0.042642414569854736,-0.042642414569854736
sentence_bert,Q0174,1,0.7231894135475159,0.7150672078132629,0.00812220573425293,0.7150672078132629,0.7150672078132629,0.7231894135475159,-0.00812220573425293,-0.00812220573425293
sentence_bert,Q0175,1,0.5703340768814087,0.5479209423065186,0.022413134574890137,0.45885294675827026,0.45885294675827026,0.5703340768814087,-0.11148113012313843,-0.11148113012313843
sentence_bert,Q0176,1,0.7552754878997803,0.6974893808364868,0.05778610706329346,0.7552754878997803,0.7552754878997803,0.6974893808364868,0.05778610706329346,0.05778610706329346
sentence_bert,Q0177,1,0.6577733755111694,0.6413501501083374,0.01642322540283203,0.5325299501419067,0.5325299501419067,0.6577733755111694,-0.1252434253692627,-0.1252434253692627
sentence_bert,Q0178,1,0.6090967655181885,0.5822262763977051,0.0268704891204834,0.6090967655181885,0.6090967655181885,0.5822262763977051,0.0268704891204834,0.0268704891204834
sentence_bert,Q0179,1,0.7821206450462341,0.7384401559829712,0.04368048906326294,0.7384401559829712,0.7384401559829712,0.7821206450462341,-0.04368048906326294,-0.04368048906326294
sentence_bert,Q0180,1,0.756117045879364,0.7132018804550171,0.042915165424346924,0.7132018804550171,0.7132018804550171,0.756117045879364,-0.042915165424346924,-0.042915165424346924
sentence_bert,Q0188,1,0.7587981224060059,0.6997115612030029,0.05908656120300293,0.7587981224060059,0.7587981224060059,0.6997115612030029,0.05908656120300293,0.05908656120300293
sentence_bert,Q0189,1,0.6461678743362427,0.5828496217727661,0.06331825256347656,0.6461678743362427,0.6461678743362427,0.5828496217727661,0.06331825256347656,0.06331825256347656
sentence_bert,Q0190,1,0.7273443937301636,0.6262951493263245,0.10104924440383911,0.7273443937301636,0.7273443937301636,0.6262951493263245,0.10104924440383911,0.10104924440383911
sentence_bert,Q0191,1,0.6152987480163574,0.5745166540145874,0.04078209400177002,0.33003419637680054,0.33003419637680054,0.6152987480163574,-0.2852645516395569,-0.2852645516395569
sentence_bert,Q0192,1,0.7089371681213379,0.7083359956741333,0.0006011724472045898,0.6135648488998413,0.6135648488998413,0.7089371681213379,-0.09537231922149658,-0.09537231922149658
sentence_bert,Q0193,1,0.6616127490997314,0.6426995992660522,0.0189131498336792,0.6426995992660522,0.6426995992660522,0.6616127490997314,-0.0189131498336792,-0.0189131498336792
sentence_bert,Q0194,1,0.6773216724395752,0.6712626814842224,0.006058990955352783,0.6712626814842224,0.6712626814842224,0.6773216724395752,-0.006058990955352783,-0.006058990955352783
sentence_bert,Q0195,1,0.6672417521476746,0.6562546491622925,0.01098710298538208,0.6672417521476746,0.6672417521476746,0.6562546491622925,0.01098710298538208,0.01098710298538208
sentence_bert,Q0196,1,0.8369936943054199,0.7855632901191711,0.05143040418624878,0.8369936943054199,0.8369936943054199,0.7855632901191711,0.05143040418624878,0.05143040418624878
sentence_bert,Q0197,1,0.77693772315979,0.7498434782028198,0.027094244956970215,0.77693772315979,0.77693772315979,0.7498434782028198,0.027094244956970215,0.027094244956970215
sentence_bert,Q0198,1,0.7610059976577759,0.7340118288993835,0.026994168758392334,0.7610059976577759,0.7610059976577759,0.7340118288993835,0.026994168758392334,0.026994168758392334
sentence_bert,Q0199,1,0.72432541847229,0.7071261405944824,0.017199277877807617,0.5107930898666382,0.5107930898666382,0.72432541847229,-0.21353232860565186,-0.21353232860565186
sentence_bert,Q0200,1,0.7437724471092224,0.691626787185669,0.05214565992355347,0.6152211427688599,0.6152211427688599,0.7437724471092224,-0.12855130434036255,-0.12855130434036255
sentence_bert,Q0201,1,0.5337055921554565,0.37804973125457764,0.1556558609008789,0.5337055921554565,0.5337055921554565,0.37804973125457764,0.1556558609008789,0.1556558609008789
sentence_bert,Q0202,1,0.7142884135246277,0.5719385147094727,0.14234989881515503,0.7142884135246277,0.7142884135246277,0.5719385147094727,0.14234989881515503,0.14234989881515503
sentence_bert,Q0203,1,0.6980745792388916,0.5635359287261963,0.1345386505126953,0.6980745792388916,0.6980745792388916,0.5635359287261963,0.1345386505126953,0.1345386505126953
sentence_bert,Q0204,1,0.616220235824585,0.5644815564155579,0.0517386794090271,0.616220235824585,0.616220235824585,0.5644815564155579,0.0517386794090271,0.0517386794090271
sentence_bert,Q0205,1,0.6610375046730042,0.6392350196838379,0.02180248498916626,0.6610375046730042,0.6610375046730042,0.6392350196838379,0.02180248498916626,0.02180248498916626
sentence_bert,Q0218,1,0.5712239742279053,0.5642483234405518,0.006975650787353516,0.5712239742279053,0.5712239742279053,0.5642483234405518,0.006975650787353516,0.006975650787353516
sentence_bert,Q0219,1,0.5178357362747192,0.47191596031188965,0.04591977596282959,0.47191596031188965,0.47191596031188965,0.5178357362747192,-0.04591977596282959,-0.04591977596282959
sentence_bert,Q0222,1,0.7871935367584229,0.7219683527946472,0.06522518396377563,0.7871935367584229,0.7871935367584229,0.7219683527946472,0.06522518396377563,0.06522518396377563
sentence_bert,Q0223,1,0.6693694591522217,0.6493781805038452,0.019991278648376465,0.6493781805038452,0.6493781805038452,0.6693694591522217,-0.019991278648376465,-0.019991278648376465
sentence_bert,Q0224,1,0.599126935005188,0.5457251071929932,0.053401827812194824,0.4062938094139099,0.4062938094139099,0.599126935005188,-0.19283312559127808,-0.19283312559127808
sentence_bert,Q0225,1,0.6890448331832886,0.6381791830062866,0.05086565017700195,0.6890448331832886,0.6890448331832886,0.6381791830062866,0.05086565017700195,0.05086565017700195
sentence_bert,Q0232,1,0.7739725112915039,0.6970653533935547,0.07690715789794922,0.6411743760108948,0.6411743760108948,0.7739725112915039,-0.13279813528060913,-0.13279813528060913
sentence_bert,Q0233,1,0.7250211834907532,0.7143326997756958,0.010688483715057373,0.6673611998558044,0.6673611998558044,0.7250211834907532,-0.05765998363494873,-0.05765998363494873
sentence_bert,Q0234,1,0.5571032166481018,0.46710005402565,0.09000316262245178,0.5571032166481018,0.5571032166481018,0.46710005402565,0.09000316262245178,0.09000316262245178
sentence_bert,Q0235,1,0.741701602935791,0.6433689594268799,0.09833264350891113,0.741701602935791,0.741701602935791,0.6433689594268799,0.09833264350891113,0.09833264350891113
sentence_bert,Q0236,1,0.7531167268753052,0.6669222116470337,0.08619451522827148,0.7531167268753052,0.7531167268753052,0.6669222116470337,0.08619451522827148,0.08619451522827148
sentence_bert,Q0237,1,0.6838482618331909,0.678331732749939,0.005516529083251953,0.678331732749939,0.678331732749939,0.6838482618331909,-0.005516529083251953,-0.005516529083251953
sentence_bert,Q0238,1,0.695190966129303,0.6818382740020752,0.013352692127227783,0.6051005721092224,0.6051005721092224,0.695190966129303,-0.09009039402008057,-0.09009039402008057
sentence_bert,Q0239,1,0.7254420518875122,0.7220750451087952,0.003367006778717041,0.6876706480979919,0.6876706480979919,0.7254420518875122,-0.037771403789520264,-0.037771403789520264
sentence_bert,Q0240,1,0.6977620124816895,0.6943529844284058,0.0034090280532836914,0.6508413553237915,0.6508413553237915,0.6977620124816895,-0.04692065715789795,-0.04692065715789795
sentence_bert,Q0241,1,0.6468769311904907,0.5399932861328125,0.10688364505767822,0.6468769311904907,0.6468769311904907,0.5399932861328125,0.10688364505767822,0.10688364505767822
sentence_bert,Q0242,1,0.8387729525566101,0.6460069417953491,0.192766010761261,0.8387729525566101,0.8387729525566101,0.6460069417953491,0.192766010761261,0.192766010761261
sentence_bert,Q0243,1,0.6455568671226501,0.5545796751976013,0.09097719192504883,0.6455568671226501,0.6455568671226501,0.5545796751976013,0.09097719192504883,0.09097719192504883
sentence_bert,Q0244,1,0.5989072322845459,0.5288435220718384,0.07006371021270752,0.4531271457672119,0.4531271457672119,0.5989072322845459,-0.14578008651733398,-0.14578008651733398
sentence_bert,Q0245,2,0.703119695186615,0.6246763467788696,0.07844334840774536,0.703119695186615,0.46395260095596313,0.6246763467788696,0.07844334840774536,-0.1607237458229065
sentence_bert,Q0247,1,0.7685468196868896,0.6244964599609375,0.14405035972595215,0.7685468196868896,0.7685468196868896,0.6244964599609375,0.14405035972595215,0.14405035972595215
sentence_bert,Q0248,1,0.7661538124084473,0.6285155415534973,0.13763827085494995,0.7661538124084473,0.7661538124084473,0.6285155415534973,0.13763827085494995,0.13763827085494995
sentence_bert,Q0256,1,0.6204003691673279,0.6090282201766968,0.011372148990631104,0.4947705864906311,0.4947705864906311,0.6204003691673279,-0.12562978267669678,-0.12562978267669678
sentence_bert,Q0257,1,0.44663700461387634,0.3863840103149414,0.060252994298934937,0.3046054244041443,0.3046054244041443,0.44663700461387634,-0.14203158020973206,-0.14203158020973206
sentence_bert,Q0258,1,0.562186062335968,0.5277400016784668,0.03444606065750122,0.49781203269958496,0.49781203269958496,0.562186062335968,-0.06437402963638306,-0.06437402963638306
sentence_bert,Q0259,1,0.6060050129890442,0.5704923868179321,0.03551262617111206,0.5598703026771545,0.5598703026771545,0.6060050129890442,-0.04613471031188965,-0.04613471031188965
sentence_bert,Q0260,1,0.5893539190292358,0.5525966882705688,0.03675723075866699,0.5525966882705688,0.5525966882705688,0.5893539190292358,-0.03675723075866699,-0.03675723075866699
sentence_bert,Q0261,1,0.5917151570320129,0.5087611675262451,0.08295398950576782,0.49813830852508545,0.49813830852508545,0.5917151570320129,-0.09357684850692749,-0.09357684850692749
sentence_bert,Q0262,1,0.45625782012939453,0.43749189376831055,0.018765926361083984,0.3700070083141327,0.3700070083141327,0.45625782012939453,-0.08625081181526184,-0.08625081181526184
sentence_bert,Q0263,1,0.7042591571807861,0.6730643510818481,0.03119480609893799,0.5577260255813599,0.5577260255813599,0.7042591571807861,-0.14653313159942627,-0.14653313159942627
sentence_bert,Q0264,1,0.747892439365387,0.7268012762069702,0.021091163158416748,0.747892439365387,0.747892439365387,0.7268012762069702,0.021091163158416748,0.021091163158416748
sentence_bert,Q0265,1,0.6244089603424072,0.5851798057556152,0.03922915458679199,0.5851798057556152,0.5851798057556152,0.6244089603424072,-0.03922915458679199,-0.03922915458679199
sentence_bert,Q0266,1,0.7481328248977661,0.7103683948516846,0.03776443004608154,0.6843866109848022,0.6843866109848022,0.7481328248977661,-0.06374621391296387,-0.06374621391296387
sentence_bert,Q0267,1,0.5896121263504028,0.5692105889320374,0.02040153741836548,0.5478819012641907,0.5478819012641907,0.5896121263504028,-0.04173022508621216,-0.04173022508621216
sentence_bert,Q0268,1,0.7287606596946716,0.6990443468093872,0.029716312885284424,0.6617133617401123,0.6617133617401123,0.7287606596946716,-0.06704729795455933,-0.06704729795455933
sentence_bert,Q0269,1,0.7288895845413208,0.6972761154174805,0.03161346912384033,0.7288895845413208,0.7288895845413208,0.6972761154174805,0.03161346912384033,0.03161346912384033
sentence_bert,Q0270,1,0.7139124870300293,0.7097010612487793,0.00421142578125,0.6860028505325317,0.6860028505325317,0.7139124870300293,-0.02790963649749756,-0.02790963649749756
sentence_bert,Q0271,1,0.5603216290473938,0.5013793706893921,0.05894225835800171,0.5603216290473938,0.5603216290473938,0.5013793706893921,0.05894225835800171,0.05894225835800171
sentence_bert,Q0272,1,0.6220773458480835,0.42743003368377686,0.19464731216430664,0.6220773458480835,0.6220773458480835,0.42743003368377686,0.19464731216430664,0.19464731216430664
sentence_bert,Q0273,1,0.6230001449584961,0.36716848611831665,0.25583165884017944,0.6230001449584961,0.6230001449584961,0.36716848611831665,0.25583165884017944,0.25583165884017944
sentence_bert,Q0274,1,0.5762963891029358,0.4600759744644165,0.11622041463851929,0.5762963891029358,0.5762963891029358,0.4600759744644165,0.11622041463851929,0.11622041463851929
sentence_bert,Q0275,1,0.6813585758209229,0.6297589540481567,0.05159962177276611,0.6297589540481567,0.6297589540481567,0.6813585758209229,-0.05159962177276611,-0.05159962177276611
sentence_bert,Q0282,1,0.7325075268745422,0.6815340518951416,0.050973474979400635,0.7325075268745422,0.7325075268745422,0.6815340518951416,0.050973474979400635,0.050973474979400635
sentence_bert,Q0283,1,0.6753067970275879,0.6045616865158081,0.07074511051177979,0.6753067970275879,0.6753067970275879,0.6045616865158081,0.07074511051177979,0.07074511051177979
sentence_bert,Q0284,1,0.4229072332382202,0.4015766680240631,0.021330565214157104,0.2799229621887207,0.2799229621887207,0.4229072332382202,-0.1429842710494995,-0.1429842710494995
sentence_bert,Q0285,1,0.6538240313529968,0.6426281929016113,0.011195838451385498,0.5935641527175903,0.5935641527175903,0.6538240313529968,-0.060259878635406494,-0.060259878635406494
sentence_bert,Q0286,1,0.740623950958252,0.7395353317260742,0.0010886192321777344,0.7353835105895996,0.7353835105895996,0.740623950958252,-0.005240440368652344,-0.005240440368652344
sentence_bert,Q0297,1,0.7563586831092834,0.7192679047584534,0.03709077835083008,0.7563586831092834,0.7563586831092834,0.7192679047584534,0.03709077835083008,0.03709077835083008
sentence_bert,Q0298,1,0.6454259157180786,0.6346608400344849,0.01076507568359375,0.5305407047271729,0.5305407047271729,0.6454259157180786,-0.11488521099090576,-0.11488521099090576
sentence_bert,Q0299,1,0.7358107566833496,0.7034159302711487,0.03239482641220093,0.7034159302711487,0.7034159302711487,0.7358107566833496,-0.03239482641220093,-0.03239482641220093
sentence_bert,Q0300,1,0.683658242225647,0.6761264801025391,0.00753176212310791,0.6724166870117188,0.6724166870117188,0.683658242225647,-0.011241555213928223,-0.011241555213928223
sentence_bert,Q0301,1,0.6744594573974609,0.6616291999816895,0.012830257415771484,0.5652015805244446,0.5652015805244446,0.6744594573974609,-0.10925787687301636,-0.10925787687301636
sentence_bert,Q0302,1,0.5517710447311401,0.5088697671890259,0.04290127754211426,0.35199490189552307,0.35199490189552307,0.5517710447311401,-0.19977614283561707,-0.19977614283561707
sentence_bert,Q0303,1,0.7327044010162354,0.6287227272987366,0.10398167371749878,0.6156595945358276,0.6156595945358276,0.7327044010162354,-0.11704480648040771,-0.11704480648040771
sentence_bert,Q0304,1,0.6892460584640503,0.6835383176803589,0.005707740783691406,0.6551088094711304,0.6551088094711304,0.6892460584640503,-0.03413724899291992,-0.03413724899291992
sentence_bert,Q0305,1,0.6351654529571533,0.6280919313430786,0.007073521614074707,0.6280919313430786,0.6280919313430786,0.6351654529571533,-0.007073521614074707,-0.007073521614074707
sentence_bert,Q0306,1,0.7695195078849792,0.6847578287124634,0.08476167917251587,0.7695195078849792,0.7695195078849792,0.6847578287124634,0.08476167917251587,0.08476167917251587
sentence_bert,Q0307,1,0.7851248979568481,0.7176258563995361,0.06749904155731201,0.7851248979568481,0.7851248979568481,0.7176258563995361,0.06749904155731201,0.06749904155731201
sentence_bert,Q0308,1,0.6725174188613892,0.6699855327606201,0.002531886100769043,0.6699855327606201,0.6699855327606201,0.6725174188613892,-0.002531886100769043,-0.002531886100769043
sentence_bert,Q0309,1,0.699966549873352,0.635226309299469,0.06474024057388306,0.635226309299469,0.635226309299469,0.699966549873352,-0.06474024057388306,-0.06474024057388306
sentence_bert,Q0310,1,0.802692711353302,0.7246068716049194,0.07808583974838257,0.802692711353302,0.802692711353302,0.7246068716049194,0.07808583974838257,0.07808583974838257
sentence_bert,Q0311,1,0.7527735233306885,0.6712265014648438,0.08154702186584473,0.7527735233306885,0.7527735233306885,0.6712265014648438,0.08154702186584473,0.08154702186584473
sentence_bert,Q0312,1,0.7743037343025208,0.6929437518119812,0.08135998249053955,0.7743037343025208,0.7743037343025208,0.6929437518119812,0.08135998249053955,0.08135998249053955
sentence_bert,Q0318,1,0.6697864532470703,0.6552459001541138,0.014540553092956543,0.641369104385376,0.641369104385376,0.6697864532470703,-0.028417348861694336,-0.028417348861694336
sentence_bert,Q0320,1,0.7467897534370422,0.7116389274597168,0.03515082597732544,0.7116389274597168,0.7116389274597168,0.7467897534370422,-0.03515082597732544,-0.03515082597732544
sentence_bert,Q0321,1,0.5703952312469482,0.5648527145385742,0.0055425167083740234,0.47269755601882935,0.47269755601882935,0.5703952312469482,-0.0976976752281189,-0.0976976752281189
sentence_bert,Q0322,1,0.7712542414665222,0.7646556496620178,0.0065985918045043945,0.7321182489395142,0.7321182489395142,0.7712542414665222,-0.03913599252700806,-0.03913599252700806
sentence_bert,Q0331,1,0.6488369703292847,0.6264498829841614,0.02238708734512329,0.5437104105949402,0.5437104105949402,0.6488369703292847,-0.10512655973434448,-0.10512655973434448
sentence_bert,Q0332,1,0.7602084875106812,0.6958222985267639,0.06438618898391724,0.6958222985267639,0.6958222985267639,0.7602084875106812,-0.06438618898391724,-0.06438618898391724
sentence_bert,Q0333,1,0.6773305535316467,0.6533308029174805,0.02399975061416626,0.6773305535316467,0.6773305535316467,0.6533308029174805,0.02399975061416626,0.02399975061416626
sentence_bert,Q0334,1,0.5525614023208618,0.4525734484195709,0.0999879539012909,0.5525614023208618,0.5525614023208618,0.4525734484195709,0.0999879539012909,0.0999879539012909
sentence_bert,Q0338,1,0.785753071308136,0.7753933668136597,0.010359704494476318,0.785753071308136,0.785753071308136,0.7753933668136597,0.010359704494476318,0.010359704494476318
sentence_bert,Q0339,1,0.6254507899284363,0.6200025081634521,0.005448281764984131,0.6254507899284363,0.6254507899284363,0.6200025081634521,0.005448281764984131,0.005448281764984131
sentence_bert,Q0341,1,0.6871907711029053,0.6464048027992249,0.04078596830368042,0.5801451802253723,0.5801451802253723,0.6871907711029053,-0.10704559087753296,-0.10704559087753296
sentence_bert,Q0342,1,0.5374623537063599,0.517292857170105,0.020169496536254883,0.39507728815078735,0.39507728815078735,0.5374623537063599,-0.1423850655555725,-0.1423850655555725
sentence_bert,Q0343,1,0.5525499582290649,0.48011404275894165,0.07243591547012329,0.5525499582290649,0.5525499582290649,0.48011404275894165,0.07243591547012329,0.07243591547012329
sentence_bert,Q0344,1,0.6554509401321411,0.644187867641449,0.011263072490692139,0.644187867641449,0.644187867641449,0.6554509401321411,-0.011263072490692139,-0.011263072490692139
sentence_bert,Q0345,1,0.634689450263977,0.6324553489685059,0.0022341012954711914,0.5957492589950562,0.5957492589950562,0.634689450263977,-0.0389401912689209,-0.0389401912689209
sentence_bert,Q0346,1,0.6403831243515015,0.6289750337600708,0.011408090591430664,0.4379323124885559,0.4379323124885559,0.6403831243515015,-0.20245081186294556,-0.20245081186294556
sentence_bert,Q0347,1,0.7332145571708679,0.7177128791809082,0.015501677989959717,0.7332145571708679,0.7332145571708679,0.7177128791809082,0.015501677989959717,0.015501677989959717
sentence_bert,Q0348,1,0.6995054483413696,0.6922342777252197,0.007271170616149902,0.6922342777252197,0.6922342777252197,0.6995054483413696,-0.007271170616149902,-0.007271170616149902
sentence_bert,Q0349,1,0.7012711763381958,0.6979255080223083,0.003345668315887451,0.6979255080223083,0.6979255080223083,0.7012711763381958,-0.003345668315887451,-0.003345668315887451
sentence_bert,Q0350,1,0.7701672315597534,0.6829396486282349,0.08722758293151855,0.6829396486282349,0.6829396486282349,0.7701672315597534,-0.08722758293151855,-0.08722758293151855
sentence_bert,Q0351,1,0.5811981558799744,0.5669941902160645,0.014203965663909912,0.5447063446044922,0.5447063446044922,0.5811981558799744,-0.03649181127548218,-0.03649181127548218
sentence_bert,Q0352,1,0.6746528148651123,0.6516158580780029,0.023036956787109375,0.6492566466331482,0.6492566466331482,0.6746528148651123,-0.02539616823196411,-0.02539616823196411
sentence_bert,Q0353,1,0.5907987952232361,0.5889106392860413,0.0018881559371948242,0.48638176918029785,0.48638176918029785,0.5907987952232361,-0.10441702604293823,-0.10441702604293823
sentence_bert,Q0354,1,0.5571690201759338,0.5505318641662598,0.006637156009674072,0.5284246206283569,0.5284246206283569,0.5571690201759338,-0.028744399547576904,-0.028744399547576904
sentence_bert,Q0355,1,0.6010667085647583,0.5856183767318726,0.015448331832885742,0.4945079982280731,0.4945079982280731,0.6010667085647583,-0.10655871033668518,-0.10655871033668518
sentence_bert,Q0356,1,0.48689740896224976,0.4664612114429474,0.020436197519302368,0.40724605321884155,0.40724605321884155,0.48689740896224976,-0.0796513557434082,-0.0796513557434082
sentence_bert,Q0357,1,0.49310222268104553,0.48554107546806335,0.007561147212982178,0.47180432081222534,0.47180432081222534,0.49310222268104553,-0.02129790186882019,-0.02129790186882019
sentence_bert,Q0358,1,0.6570382714271545,0.657016396522522,2.187490463256836e-05,0.37191450595855713,0.37191450595855713,0.6570382714271545,-0.2851237654685974,-0.2851237654685974
sentence_bert,Q0359,1,0.5195274949073792,0.509975790977478,0.009551703929901123,0.45655447244644165,0.45655447244644165,0.5195274949073792,-0.0629730224609375,-0.0629730224609375
sentence_bert,Q0362,1,0.5981312394142151,0.5735284090042114,0.024602830410003662,0.5735284090042114,0.5735284090042114,0.5981312394142151,-0.024602830410003662,-0.024602830410003662
sentence_bert,Q0363,1,0.6753791570663452,0.6526721715927124,0.022706985473632812,0.600447952747345,0.600447952747345,0.6753791570663452,-0.07493120431900024,-0.07493120431900024
sentence_bert,Q0364,1,0.6698368191719055,0.66792893409729,0.0019078850746154785,0.6698368191719055,0.6698368191719055,0.66792893409729,0.0019078850746154785,0.0019078850746154785
sentence_bert,Q0365,1,0.6719312071800232,0.6443179249763489,0.027613282203674316,0.6264703273773193,0.6264703273773193,0.6719312071800232,-0.04546087980270386,-0.04546087980270386
sentence_bert,Q0366,1,0.7460104823112488,0.6015387773513794,0.14447170495986938,0.7460104823112488,0.7460104823112488,0.6015387773513794,0.14447170495986938,0.14447170495986938
sentence_bert,Q0367,1,0.6927217841148376,0.6659274697303772,0.02679431438446045,0.6927217841148376,0.6927217841148376,0.6659274697303772,0.02679431438446045,0.02679431438446045
sentence_bert,Q0368,1,0.7537868022918701,0.7189947366714478,0.03479206562042236,0.7189947366714478,0.7189947366714478,0.7537868022918701,-0.03479206562042236,-0.03479206562042236
sentence_bert,Q0369,1,0.662717342376709,0.6551558971405029,0.007561445236206055,0.6551558971405029,0.6551558971405029,0.662717342376709,-0.007561445236206055,-0.007561445236206055
sentence_bert,Q0370,1,0.7691555023193359,0.754938006401062,0.014217495918273926,0.754938006401062,0.754938006401062,0.7691555023193359,-0.014217495918273926,-0.014217495918273926
sentence_bert,Q0371,1,0.7624677419662476,0.7514011263847351,0.011066615581512451,0.7624677419662476,0.7624677419662476,0.7514011263847351,0.011066615581512451,0.011066615581512451
sentence_bert,Q0372,1,0.750255823135376,0.7484524250030518,0.0018033981323242188,0.750255823135376,0.750255823135376,0.7484524250030518,0.0018033981323242188,0.0018033981323242188
sentence_bert,Q0373,1,0.6123124361038208,0.5909558534622192,0.021356582641601562,0.5909558534622192,0.5909558534622192,0.6123124361038208,-0.021356582641601562,-0.021356582641601562
sentence_bert,Q0374,1,0.8604919910430908,0.8337550163269043,0.026736974716186523,0.8337550163269043,0.8337550163269043,0.8604919910430908,-0.026736974716186523,-0.026736974716186523
sentence_bert,Q0375,1,0.7610986828804016,0.7407703399658203,0.0203283429145813,0.7407703399658203,0.7407703399658203,0.7610986828804016,-0.0203283429145813,-0.0203283429145813
sentence_bert,Q0376,1,0.7239410877227783,0.7169550657272339,0.006986021995544434,0.7169550657272339,0.7169550657272339,0.7239410877227783,-0.006986021995544434,-0.006986021995544434
sentence_bert,Q0377,1,0.6267737150192261,0.6135767698287964,0.013196945190429688,0.551700234413147,0.551700234413147,0.6267737150192261,-0.0750734806060791,-0.0750734806060791
sentence_bert,Q0378,1,0.5443053245544434,0.5247762799263,0.01952904462814331,0.5443053245544434,0.5443053245544434,0.5247762799263,0.01952904462814331,0.01952904462814331
sentence_bert,Q0379,1,0.4748406410217285,0.46159985661506653,0.013240784406661987,0.4132883846759796,0.4132883846759796,0.4748406410217285,-0.0615522563457489,-0.0615522563457489
sentence_bert,Q0380,1,0.7841873168945312,0.6839168071746826,0.10027050971984863,0.6760024428367615,0.6760024428367615,0.7841873168945312,-0.10818487405776978,-0.10818487405776978
sentence_bert,Q0381,1,0.685031533241272,0.654700756072998,0.030330777168273926,0.3784014582633972,0.3784014582633972,0.685031533241272,-0.30663007497787476,-0.30663007497787476
sentence_bert,Q0382,1,0.6078290939331055,0.6066648960113525,0.0011641979217529297,0.37096893787384033,0.37096893787384033,0.6078290939331055,-0.23686015605926514,-0.23686015605926514
sentence_bert,Q0383,1,0.6713639497756958,0.6468898057937622,0.024474143981933594,0.5155044794082642,0.5155044794082642,0.6713639497756958,-0.15585947036743164,-0.15585947036743164
sentence_bert,Q0391,1,0.6170920133590698,0.6056455969810486,0.01144641637802124,0.5879316926002502,0.5879316926002502,0.6170920133590698,-0.02916032075881958,-0.02916032075881958
sentence_bert,Q0392,1,0.7689144611358643,0.6946017146110535,0.07431274652481079,0.7689144611358643,0.7689144611358643,0.6946017146110535,0.07431274652481079,0.07431274652481079
sentence_bert,Q0393,1,0.5247774124145508,0.45726656913757324,0.06751084327697754,0.5247774124145508,0.5247774124145508,0.45726656913757324,0.06751084327697754,0.06751084327697754
sentence_bert,Q0394,1,0.7660812139511108,0.6606916189193726,0.10538959503173828,0.7660812139511108,0.7660812139511108,0.6606916189193726,0.10538959503173828,0.10538959503173828
sentence_bert,Q0395,1,0.7546977400779724,0.7184686064720154,0.03622913360595703,0.6487262845039368,0.6487262845039368,0.7546977400779724,-0.10597145557403564,-0.10597145557403564
sentence_bert,Q0396,1,0.7586369514465332,0.7455040216445923,0.013132929801940918,0.7455040216445923,0.7455040216445923,0.7586369514465332,-0.013132929801940918,-0.013132929801940918
sentence_bert,Q0397,1,0.6929925084114075,0.6628432273864746,0.03014928102493286,0.6628432273864746,0.6628432273864746,0.6929925084114075,-0.03014928102493286,-0.03014928102493286
sentence_bert,Q0404,1,0.6453723907470703,0.642227053642273,0.0031453371047973633,0.642227053642273,0.642227053642273,0.6453723907470703,-0.0031453371047973633,-0.0031453371047973633
sentence_bert,Q0405,1,0.4879075884819031,0.464778333902359,0.023129254579544067,0.4622021019458771,0.4622021019458771,0.4879075884819031,-0.025705486536026,-0.025705486536026
sentence_bert,Q0406,1,0.39343175292015076,0.38971710205078125,0.003714650869369507,0.39343175292015076,0.39343175292015076,0.38971710205078125,0.003714650869369507,0.003714650869369507
sentence_bert,Q0407,1,0.6610721349716187,0.6609522104263306,0.00011992454528808594,0.5764423608779907,0.5764423608779907,0.6610721349716187,-0.08462977409362793,-0.08462977409362793
sentence_bert,Q0408,1,0.6150982975959778,0.6101479530334473,0.004950344562530518,0.5129116773605347,0.5129116773605347,0.6150982975959778,-0.10218662023544312,-0.10218662023544312
sentence_bert,Q0409,1,0.7893725037574768,0.7458405494689941,0.043531954288482666,0.7893725037574768,0.7893725037574768,0.7458405494689941,0.043531954288482666,0.043531954288482666
sentence_bert,Q0410,1,0.7117829322814941,0.6939824819564819,0.017800450325012207,0.7117829322814941,0.7117829322814941,0.6939824819564819,0.017800450325012207,0.017800450325012207
sentence_bert,Q0427,1,0.7290120124816895,0.680130124092102,0.0488818883895874,0.7290120124816895,0.7290120124816895,0.680130124092102,0.0488818883895874,0.0488818883895874
sentence_bert,Q0428,1,0.7089861631393433,0.7003554105758667,0.008630752563476562,0.6916293501853943,0.6916293501853943,0.7089861631393433,-0.017356812953948975,-0.017356812953948975
sentence_bert,Q0429,1,0.677209734916687,0.6435362100601196,0.03367352485656738,0.677209734916687,0.677209734916687,0.6435362100601196,0.03367352485656738,0.03367352485656738
sentence_bert,Q0430,1,0.6215819716453552,0.5618289113044739,0.05975306034088135,0.5094168782234192,0.5094168782234192,0.6215819716453552,-0.11216509342193604,-0.11216509342193604
sentence_bert,Q0431,1,0.6531615853309631,0.5358501672744751,0.11731141805648804,0.5358501672744751,0.5358501672744751,0.6531615853309631,-0.11731141805648804,-0.11731141805648804
sentence_bert,Q0432,1,0.5021445751190186,0.4834173321723938,0.018727242946624756,0.42293959856033325,0.42293959856033325,0.5021445751190186,-0.0792049765586853,-0.0792049765586853
sentence_bert,Q0433,1,0.5845313668251038,0.5819647312164307,0.0025666356086730957,0.5278518199920654,0.5278518199920654,0.5845313668251038,-0.05667954683303833,-0.05667954683303833
sentence_bert,Q0434,1,0.5087968707084656,0.496356725692749,0.012440145015716553,0.4481339454650879,0.4481339454650879,0.5087968707084656,-0.060662925243377686,-0.060662925243377686
sentence_bert,Q0439,1,0.6961188316345215,0.6580883264541626,0.03803050518035889,0.6961188316345215,0.6961188316345215,0.6580883264541626,0.03803050518035889,0.03803050518035889
sentence_bert,Q0440,1,0.7569053173065186,0.6775317192077637,0.07937359809875488,0.7569053173065186,0.7569053173065186,0.6775317192077637,0.07937359809875488,0.07937359809875488
sentence_bert,Q0441,1,0.7650548815727234,0.759955644607544,0.005099236965179443,0.667249858379364,0.667249858379364,0.7650548815727234,-0.09780502319335938,-0.09780502319335938
sentence_bert,Q0442,1,0.5913662314414978,0.5446591377258301,0.046707093715667725,0.5357168912887573,0.5357168912887573,0.5913662314414978,-0.05564934015274048,-0.05564934015274048
sentence_bert,Q0445,1,0.7130646705627441,0.6902961730957031,0.022768497467041016,0.7130646705627441,0.7130646705627441,0.6902961730957031,0.022768497467041016,0.022768497467041016
sentence_bert,Q0446,1,0.7185103297233582,0.6655164957046509,0.052993834018707275,0.7185103297233582,0.7185103297233582,0.6655164957046509,0.052993834018707275,0.052993834018707275
sentence_bert,Q0448,1,0.6649109125137329,0.6440441012382507,0.020866811275482178,0.631324291229248,0.631324291229248,0.6649109125137329,-0.03358662128448486,-0.03358662128448486
sentence_bert,Q0449,1,0.6671092510223389,0.6644425392150879,0.0026667118072509766,0.6350178718566895,0.6350178718566895,0.6671092510223389,-0.032091379165649414,-0.032091379165649414
sentence_bert,Q0450,1,0.5756675004959106,0.565049946308136,0.010617554187774658,0.50262051820755,0.50262051820755,0.5756675004959106,-0.0730469822883606,-0.0730469822883606
sentence_bert,Q0451,1,0.6712504029273987,0.6676529049873352,0.0035974979400634766,0.6598029732704163,0.6598029732704163,0.6712504029273987,-0.011447429656982422,-0.011447429656982422
sentence_bert,Q0455,1,0.6153899431228638,0.6017118692398071,0.01367807388305664,0.6153899431228638,0.6153899431228638,0.6017118692398071,0.01367807388305664,0.01367807388305664
sentence_bert,Q0456,1,0.6973089575767517,0.6524813771247864,0.04482758045196533,0.6973089575767517,0.6973089575767517,0.6524813771247864,0.04482758045196533,0.04482758045196533
sentence_bert,Q0457,1,0.7461575269699097,0.7037243843078613,0.04243314266204834,0.7461575269699097,0.7461575269699097,0.7037243843078613,0.04243314266204834,0.04243314266204834
sentence_bert,Q0458,1,0.7737064361572266,0.6712443828582764,0.1024620532989502,0.7737064361572266,0.7737064361572266,0.6712443828582764,0.1024620532989502,0.1024620532989502
sentence_bert,Q0459,1,0.8545101881027222,0.64300537109375,0.21150481700897217,0.8545101881027222,0.8545101881027222,0.64300537109375,0.21150481700897217,0.21150481700897217
sentence_bert,Q0463,1,0.7618658542633057,0.7603743076324463,0.001491546630859375,0.7603743076324463,0.7603743076324463,0.7618658542633057,-0.001491546630859375,-0.001491546630859375
sentence_bert,Q0465,1,0.760084331035614,0.7533462047576904,0.006738126277923584,0.6879779100418091,0.6879779100418091,0.760084331035614,-0.07210642099380493,-0.07210642099380493
sentence_bert,Q0466,1,0.6099467277526855,0.5017802119255066,0.10816651582717896,0.6099467277526855,0.6099467277526855,0.5017802119255066,0.10816651582717896,0.10816651582717896
sentence_bert,Q0467,1,0.6365596055984497,0.6146225929260254,0.021937012672424316,0.6146225929260254,0.6146225929260254,0.6365596055984497,-0.021937012672424316,-0.021937012672424316
sentence_bert,Q0468,1,0.7279365062713623,0.721196174621582,0.0067403316497802734,0.7279365062713623,0.7279365062713623,0.721196174621582,0.0067403316497802734,0.0067403316497802734
sentence_bert,Q0471,1,0.7567452192306519,0.7385830283164978,0.018162190914154053,0.6794332265853882,0.6794332265853882,0.7567452192306519,-0.07731199264526367,-0.07731199264526367
sentence_bert,Q0472,1,0.7519732713699341,0.7209584712982178,0.03101480007171631,0.6353284120559692,0.6353284120559692,0.7519732713699341,-0.11664485931396484,-0.11664485931396484
sentence_bert,Q0473,1,0.7304440140724182,0.7255018949508667,0.004942119121551514,0.6173414587974548,0.6173414587974548,0.7304440140724182,-0.11310255527496338,-0.11310255527496338
sentence_bert,Q0477,1,0.5698083639144897,0.5283435583114624,0.041464805603027344,0.42324477434158325,0.42324477434158325,0.5698083639144897,-0.1465635895729065,-0.1465635895729065
sentence_bert,Q0479,1,0.7832751274108887,0.7714756727218628,0.011799454689025879,0.736381471157074,0.736381471157074,0.7832751274108887,-0.0468936562538147,-0.0468936562538147
sentence_bert,Q0480,1,0.7202589511871338,0.689848780632019,0.030410170555114746,0.7202589511871338,0.7202589511871338,0.689848780632019,0.030410170555114746,0.030410170555114746
sentence_bert,Q0481,1,0.5616546869277954,0.5259951949119568,0.03565949201583862,0.32809001207351685,0.32809001207351685,0.5616546869277954,-0.23356467485427856,-0.23356467485427856
sentence_bert,Q0482,1,0.7676242589950562,0.7331559658050537,0.03446829319000244,0.7676242589950562,0.7676242589950562,0.7331559658050537,0.03446829319000244,0.03446829319000244
sentence_bert,Q0483,1,0.6897825598716736,0.5728178024291992,0.11696475744247437,0.6897825598716736,0.6897825598716736,0.5728178024291992,0.11696475744247437,0.11696475744247437
sentence_bert,Q0484,1,0.7300030589103699,0.6164329051971436,0.11357015371322632,0.7300030589103699,0.7300030589103699,0.6164329051971436,0.11357015371322632,0.11357015371322632
sentence_bert,Q0485,1,0.7315463423728943,0.7276616096496582,0.003884732723236084,0.7315463423728943,0.7315463423728943,0.7276616096496582,0.003884732723236084,0.003884732723236084
sentence_bert,Q0489,1,0.666345477104187,0.6323906183242798,0.03395485877990723,0.666345477104187,0.666345477104187,0.6323906183242798,0.03395485877990723,0.03395485877990723
sentence_bert,Q0490,1,0.6938421726226807,0.6217665672302246,0.07207560539245605,0.6938421726226807,0.6938421726226807,0.6217665672302246,0.07207560539245605,0.07207560539245605
sentence_bert,Q0491,1,0.7432951927185059,0.6807088255882263,0.06258636713027954,0.7432951927185059,0.7432951927185059,0.6807088255882263,0.06258636713027954,0.06258636713027954
sentence_bert,Q0492,1,0.772688090801239,0.7645727396011353,0.00811535120010376,0.772688090801239,0.772688090801239,0.7645727396011353,0.00811535120010376,0.00811535120010376
sentence_bert,Q0493,1,0.801887035369873,0.7749542593955994,0.02693277597427368,0.801887035369873,0.801887035369873,0.7749542593955994,0.02693277597427368,0.02693277597427368
sentence_bert,Q0494,1,0.7711823582649231,0.764855146408081,0.006327211856842041,0.7711823582649231,0.7711823582649231,0.764855146408081,0.006327211856842041,0.006327211856842041
sentence_bert,Q0495,1,0.7656036615371704,0.6845455169677734,0.08105814456939697,0.7656036615371704,0.7656036615371704,0.6845455169677734,0.08105814456939697,0.08105814456939697
sentence_bert,Q0496,1,0.7808691263198853,0.7275464534759521,0.053322672843933105,0.7808691263198853,0.7808691263198853,0.7275464534759521,0.053322672843933105,0.053322672843933105
sentence_bert,Q0497,1,0.7425839900970459,0.6496374011039734,0.09294658899307251,0.7425839900970459,0.7425839900970459,0.6496374011039734,0.09294658899307251,0.09294658899307251
sentence_bert,Q0498,1,0.7842459678649902,0.7027235627174377,0.08152240514755249,0.7842459678649902,0.7842459678649902,0.7027235627174377,0.08152240514755249,0.08152240514755249
sentence_bert,Q0499,1,0.8021717071533203,0.7029572129249573,0.09921449422836304,0.8021717071533203,0.8021717071533203,0.7029572129249573,0.09921449422836304,0.09921449422836304
sentence_bert,Q0500,1,0.813683032989502,0.7205524444580078,0.09313058853149414,0.813683032989502,0.813683032989502,0.7205524444580078,0.09313058853149414,0.09313058853149414
sentence_bert,Q0504,1,0.7042278051376343,0.6614607572555542,0.04276704788208008,0.7042278051376343,0.7042278051376343,0.6614607572555542,0.04276704788208008,0.04276704788208008
sentence_bert,Q0505,1,0.7421374917030334,0.7009161710739136,0.04122132062911987,0.7421374917030334,0.7421374917030334,0.7009161710739136,0.04122132062911987,0.04122132062911987
sentence_bert,Q0506,1,0.7689684629440308,0.730994462966919,0.037973999977111816,0.7689684629440308,0.7689684629440308,0.730994462966919,0.037973999977111816,0.037973999977111816
sentence_bert,Q0516,1,0.6326888799667358,0.6296114325523376,0.0030774474143981934,0.6296114325523376,0.6296114325523376,0.6326888799667358,-0.0030774474143981934,-0.0030774474143981934
sentence_bert,Q0517,1,0.6708021759986877,0.6021525859832764,0.06864959001541138,0.6708021759986877,0.6708021759986877,0.6021525859832764,0.06864959001541138,0.06864959001541138
sentence_bert,Q0518,1,0.6865806579589844,0.6760382652282715,0.01054239273071289,0.6696902513504028,0.6696902513504028,0.6865806579589844,-0.016890406608581543,-0.016890406608581543
sentence_bert,Q0522,1,0.7369981408119202,0.7180768847465515,0.018921256065368652,0.7169800400733948,0.7169800400733948,0.7369981408119202,-0.02001810073852539,-0.02001810073852539
sentence_bert,Q0523,1,0.7768518924713135,0.7705525755882263,0.006299316883087158,0.7705525755882263,0.7705525755882263,0.7768518924713135,-0.006299316883087158,-0.006299316883087158
sentence_bert,Q0524,1,0.8173012733459473,0.8158854246139526,0.001415848731994629,0.8173012733459473,0.8173012733459473,0.8158854246139526,0.001415848731994629,0.001415848731994629
sentence_bert,Q0525,1,0.7271096110343933,0.7062726020812988,0.020837008953094482,0.7271096110343933,0.7271096110343933,0.7062726020812988,0.020837008953094482,0.020837008953094482
sentence_bert,Q0526,1,0.770698070526123,0.7490007281303406,0.02169734239578247,0.770698070526123,0.770698070526123,0.7490007281303406,0.02169734239578247,0.02169734239578247
sentence_bert,Q0527,1,0.7958770990371704,0.7847565412521362,0.01112055778503418,0.7958770990371704,0.7958770990371704,0.7847565412521362,0.01112055778503418,0.01112055778503418
sentence_bert,Q0535,1,0.5472952127456665,0.5255402326583862,0.021754980087280273,0.471290647983551,0.471290647983551,0.5472952127456665,-0.07600456476211548,-0.07600456476211548
sentence_bert,Q0536,1,0.5036420822143555,0.5011537075042725,0.002488374710083008,0.5011537075042725,0.5011537075042725,0.5036420822143555,-0.002488374710083008,-0.002488374710083008
sentence_bert,Q0537,1,0.785598635673523,0.766832709312439,0.018765926361083984,0.785598635673523,0.785598635673523,0.766832709312439,0.018765926361083984,0.018765926361083984
sentence_bert,Q0538,1,0.5660278797149658,0.5399691462516785,0.026058733463287354,0.5660278797149658,0.5660278797149658,0.5399691462516785,0.026058733463287354,0.026058733463287354
sentence_bert,Q0539,1,0.6022474765777588,0.5745982527732849,0.027649223804473877,0.4773868918418884,0.4773868918418884,0.6022474765777588,-0.12486058473587036,-0.12486058473587036
sentence_bert,Q0540,1,0.6570516228675842,0.6385984420776367,0.01845318078994751,0.5985214114189148,0.5985214114189148,0.6570516228675842,-0.058530211448669434,-0.058530211448669434
sentence_bert,Q0548,2,0.6618572473526001,0.6595808863639832,0.0022763609886169434,0.5953454971313477,0.5564529895782471,0.6618572473526001,-0.06651175022125244,-0.10540425777435303
sentence_bert,Q0552,2,0.7067445516586304,0.6977745890617371,0.00896996259689331,0.5513579845428467,0.5306544899940491,0.7067445516586304,-0.1553865671157837,-0.1760900616645813
sentence_bert,Q0553,1,0.6749693155288696,0.6132868528366089,0.06168246269226074,0.5896278619766235,0.5896278619766235,0.6749693155288696,-0.0853414535522461,-0.0853414535522461
sentence_bert,Q0555,1,0.6494704484939575,0.6289945840835571,0.02047586441040039,0.6287440061569214,0.6287440061569214,0.6494704484939575,-0.020726442337036133,-0.020726442337036133
sentence_bert,Q0556,1,0.5636656284332275,0.563586950302124,7.867813110351562e-05,0.563586950302124,0.563586950302124,0.5636656284332275,-7.867813110351562e-05,-7.867813110351562e-05
sentence_bert,Q0557,1,0.7069772481918335,0.5833163261413574,0.12366092205047607,0.5774918794631958,0.5774918794631958,0.7069772481918335,-0.1294853687286377,-0.1294853687286377
sentence_bert,Q0559,1,0.677810549736023,0.6365979313850403,0.041212618350982666,0.599836528301239,0.599836528301239,0.677810549736023,-0.07797402143478394,-0.07797402143478394
sentence_bert,Q0560,2,0.7221643328666687,0.703734815120697,0.01842951774597168,0.6173505187034607,0.5564066171646118,0.7221643328666687,-0.10481381416320801,-0.16575771570205688
sentence_bert,Q0561,1,0.6626786589622498,0.6617288589477539,0.0009498000144958496,0.6428250670433044,0.6428250670433044,0.6626786589622498,-0.019853591918945312,-0.019853591918945312
sentence_bert,Q0562,1,0.585613489151001,0.585149884223938,0.0004636049270629883,0.573813259601593,0.573813259601593,0.585613489151001,-0.011800229549407959,-0.011800229549407959
sentence_bert,Q0563,1,0.7095461487770081,0.6028392910957336,0.10670685768127441,0.584402322769165,0.584402322769165,0.7095461487770081,-0.12514382600784302,-0.12514382600784302
sentence_bert,Q0564,2,0.7290134429931641,0.7282834649085999,0.000729978084564209,0.5623306035995483,0.5233252644538879,0.7290134429931641,-0.16668283939361572,-0.20568817853927612
sentence_bert,Q0565,1,0.6625684499740601,0.6245798468589783,0.03798860311508179,0.5975346565246582,0.5975346565246582,0.6625684499740601,-0.06503379344940186,-0.06503379344940186
sentence_bert,Q0567,1,0.6423015594482422,0.6360827684402466,0.0062187910079956055,0.6316641569137573,0.6316641569137573,0.6423015594482422,-0.010637402534484863,-0.010637402534484863
sentence_bert,Q0568,1,0.5782325267791748,0.5779021382331848,0.00033038854598999023,0.5725760459899902,0.5725760459899902,0.5782325267791748,-0.00565648078918457,-0.00565648078918457
sentence_bert,Q0569,1,0.6687943935394287,0.597345769405365,0.07144862413406372,0.5834487676620483,0.5834487676620483,0.6687943935394287,-0.08534562587738037,-0.08534562587738037
sentence_bert,Q0571,1,0.6255596876144409,0.6097813844680786,0.015778303146362305,0.5736651420593262,0.5736651420593262,0.6255596876144409,-0.051894545555114746,-0.051894545555114746
sentence_bert,Q0572,2,0.6805012822151184,0.6755391359329224,0.004962146282196045,0.5997464060783386,0.5699768662452698,0.6805012822151184,-0.08075487613677979,-0.11052441596984863
sentence_bert,Q0573,1,0.6538578271865845,0.6387819051742554,0.015075922012329102,0.6134611368179321,0.6134611368179321,0.6538578271865845,-0.040396690368652344,-0.040396690368652344
sentence_bert,Q0574,1,0.5605847835540771,0.5597230195999146,0.0008617639541625977,0.5562102198600769,0.5562102198600769,0.5605847835540771,-0.004374563694000244,-0.004374563694000244
sentence_bert,Q0575,1,0.6247951984405518,0.5800962448120117,0.04469895362854004,0.5598620772361755,0.5598620772361755,0.6247951984405518,-0.06493312120437622,-0.06493312120437622
sentence_bert,Q0576,2,0.7322308421134949,0.6830666065216064,0.04916423559188843,0.5439683794975281,0.5411604046821594,0.7322308421134949,-0.1882624626159668,-0.19107043743133545
sentence_bert,Q0579,1,0.7418876886367798,0.7275068759918213,0.014380812644958496,0.600375771522522,0.600375771522522,0.7418876886367798,-0.1415119171142578,-0.1415119171142578
sentence_bert,Q0580,2,0.7828365564346313,0.7220902442932129,0.06074631214141846,0.7209567427635193,0.7074369192123413,0.7828365564346313,-0.06187981367111206,-0.07539963722229004
sentence_bert,Q0582,1,0.7604502439498901,0.7579575777053833,0.002492666244506836,0.6808391213417053,0.6808391213417053,0.7604502439498901,-0.07961112260818481,-0.07961112260818481
sentence_bert,Q0583,2,0.6301589608192444,0.6146796345710754,0.015479326248168945,0.6301589608192444,0.4823185205459595,0.6146796345710754,0.015479326248168945,-0.13236111402511597
sentence_bert,Q0585,1,0.734224796295166,0.7255570888519287,0.008667707443237305,0.6359166502952576,0.6359166502952576,0.734224796295166,-0.09830814599990845,-0.09830814599990845
sentence_bert,Q0586,2,0.5626731514930725,0.5566452741622925,0.006027877330780029,0.49735701084136963,0.37328094244003296,0.5626731514930725,-0.06531614065170288,-0.18939220905303955
sentence_bert,Q0588,2,0.6174418926239014,0.5748934745788574,0.042548418045043945,0.5226454734802246,0.5103302597999573,0.6174418926239014,-0.09479641914367676,-0.10711163282394409
sentence_bert,Q0589,2,0.694046676158905,0.6512922644615173,0.042754411697387695,0.694046676158905,0.5592345595359802,0.6512922644615173,0.042754411697387695,-0.09205770492553711
sentence_bert,Q0591,2,0.5750100612640381,0.5685887336730957,0.006421327590942383,0.5685887336730957,0.4638523459434509,0.5750100612640381,-0.006421327590942383,-0.11115771532058716
sentence_bert,Q0593,2,0.5510842800140381,0.5508427619934082,0.0002415180206298828,0.5510842800140381,0.4884604215621948,0.5508427619934082,0.0002415180206298828,-0.06238234043121338
sentence_bert,Q0594,2,0.6373050212860107,0.6301920413970947,0.007112979888916016,0.573236882686615,0.5032697319984436,0.6373050212860107,-0.06406813859939575,-0.13403528928756714
sentence_bert,Q0597,2,0.7149508595466614,0.6971390843391418,0.01781177520751953,0.5022225379943848,0.43556758761405945,0.7149508595466614,-0.2127283215522766,-0.27938327193260193
sentence_bert,Q0598,2,0.7659705877304077,0.7251194715499878,0.04085111618041992,0.7222155332565308,0.6542009115219116,0.7659705877304077,-0.04375505447387695,-0.1117696762084961
sentence_bert,Q0599,2,0.6936913728713989,0.6556585431098938,0.03803282976150513,0.5776689052581787,0.546194314956665,0.6936913728713989,-0.11602246761322021,-0.1474970579147339
sentence_bert,Q0600,1,0.7594424486160278,0.7594001293182373,4.2319297790527344e-05,0.7594001293182373,0.7594001293182373,0.7594424486160278,-4.2319297790527344e-05,-4.2319297790527344e-05
sentence_bert,Q0601,0,0.8344312906265259,0.8319759368896484,0.0024553537368774414,,,,,
sentence_bert,Q0602,0,0.6883761882781982,0.6092864274978638,0.07908976078033447,,,,,
sentence_bert,Q0603,0,0.5811052322387695,0.5688187479972839,0.012286484241485596,,,,,
sentence_bert,Q0604,0,0.6978611946105957,0.6569615602493286,0.04089963436126709,,,,,
sentence_bert,Q0605,0,0.6019315719604492,0.590635359287262,0.011296212673187256,,,,,
sentence_bert,Q0609,0,0.7056397199630737,0.5827645659446716,0.1228751540184021,,,,,
sentence_bert,Q0610,0,0.7943512201309204,0.7871654629707336,0.007185757160186768,,,,,
sentence_bert,Q0612,0,0.7329232692718506,0.7220308184623718,0.01089245080947876,,,,,
sentence_bert,Q0614,0,0.6738508939743042,0.6728056073188782,0.0010452866554260254,,,,,
sentence_bert,Q0619,0,0.7013446688652039,0.6755068302154541,0.025837838649749756,,,,,
sentence_bert,Q0620,0,0.610377311706543,0.6003471612930298,0.010030150413513184,,,,,
sentence_bert,Q0621,0,0.6488097906112671,0.5905108451843262,0.05829894542694092,,,,,
sentence_bert,Q0622,0,0.7016511559486389,0.6952562928199768,0.006394863128662109,,,,,
sentence_bert,Q0624,0,0.5806021690368652,0.5501155257225037,0.030486643314361572,,,,,
sentence_bert,Q0625,0,0.6518741846084595,0.6219217777252197,0.029952406883239746,,,,,
sentence_bert,Q0626,0,0.609126091003418,0.599387526512146,0.009738564491271973,,,,,
sentence_bert,Q0628,0,0.687855064868927,0.5687032341957092,0.11915183067321777,,,,,
sentence_bert,Q0629,0,0.6796455383300781,0.6103099584579468,0.06933557987213135,,,,,
sentence_bert,Q0632,0,0.7304902672767639,0.6823683381080627,0.04812192916870117,,,,,
sentence_bert,Q0634,0,0.5862472057342529,0.5697858333587646,0.01646137237548828,,,,,
sentence_bert,Q0636,0,0.6161986589431763,0.5747507810592651,0.04144787788391113,,,,,
sentence_bert,Q0639,0,0.6738848686218262,0.6730536222457886,0.0008312463760375977,,,,,
sentence_bert,Q0642,0,0.6836148500442505,0.6193146705627441,0.06430017948150635,,,,,
sentence_bert,Q0643,0,0.6870285272598267,0.6583386659622192,0.028689861297607422,,,,,
sentence_bert,Q0644,0,0.5968999862670898,0.5889950394630432,0.00790494680404663,,,,,
sentence_bert,Q0645,0,0.5981331467628479,0.5728497505187988,0.025283396244049072,,,,,
sentence_bert,Q0646,0,0.5962368249893188,0.5905555486679077,0.005681276321411133,,,,,
sentence_bert,Q0648,0,0.6535192728042603,0.5771910548210144,0.07632821798324585,,,,,
sentence_bert,Q0651,0,0.6680010557174683,0.6077769994735718,0.060224056243896484,,,,,
sentence_bert,Q0652,0,0.591229259967804,0.4945831298828125,0.09664613008499146,,,,,
sentence_bert,Q0653,0,0.641085684299469,0.5681071281433105,0.07297855615615845,,,,,
sentence_bert,Q0655,0,0.5913935899734497,0.5019084215164185,0.08948516845703125,,,,,
sentence_bert,Q0656,0,0.6380249261856079,0.5652074813842773,0.07281744480133057,,,,,
sentence_bert,Q0658,0,0.6249231100082397,0.5105515718460083,0.11437153816223145,,,,,
sentence_bert,Q0659,0,0.5727017521858215,0.5708050727844238,0.001896679401397705,,,,,
sentence_bert,Q0660,0,0.5997178554534912,0.5986380577087402,0.0010797977447509766,,,,,
sentence_bert,Q0663,0,0.6290417909622192,0.6225954294204712,0.006446361541748047,,,,,
sentence_bert,Q0665,0,0.5661064386367798,0.5424291491508484,0.023677289485931396,,,,,
sentence_bert,Q0666,0,0.640802264213562,0.6219372153282166,0.01886504888534546,,,,,
sentence_bert,Q0667,0,0.6739205121994019,0.6493637561798096,0.024556756019592285,,,,,
sentence_bert,Q0668,0,0.8103307485580444,0.8086879253387451,0.0016428232192993164,,,,,
sentence_bert,Q0670,0,0.6808642745018005,0.678627610206604,0.002236664295196533,,,,,
sentence_bert,Q0671,0,0.6271430253982544,0.5923464298248291,0.03479659557342529,,,,,
sentence_bert,Q0672,0,0.5798666477203369,0.576459527015686,0.003407120704650879,,,,,
sentence_bert,Q0675,0,0.7221719026565552,0.7135820388793945,0.008589863777160645,,,,,
sentence_bert,Q0677,0,0.5694934129714966,0.5122493505477905,0.057244062423706055,,,,,
sentence_bert,Q0678,0,0.39446204900741577,0.3853883445262909,0.009073704481124878,,,,,
sentence_bert,Q0679,0,0.5729112029075623,0.48998138308525085,0.0829298198223114,,,,,
sentence_bert,Q0680,0,0.5978760719299316,0.5696367621421814,0.028239309787750244,,,,,
sentence_bert,Q0682,0,0.6312397122383118,0.5980768203735352,0.03316289186477661,,,,,
sentence_bert,Q0683,0,0.6458911895751953,0.633920431137085,0.011970758438110352,,,,,
sentence_bert,Q0684,0,0.6174953579902649,0.5987238883972168,0.018771469593048096,,,,,
sentence_bert,Q0685,0,0.5905243158340454,0.5772339105606079,0.0132904052734375,,,,,
sentence_bert,Q0686,0,0.4949934184551239,0.4707338809967041,0.0242595374584198,,,,,
sentence_bert,Q0688,0,0.595022439956665,0.5069448947906494,0.08807754516601562,,,,,
sentence_bert,Q0689,0,0.6670116186141968,0.5901067852973938,0.07690483331680298,,,,,
sentence_bert,Q0690,0,0.7001830339431763,0.6515907049179077,0.048592329025268555,,,,,
sentence_bert,Q0691,0,0.447536826133728,0.44335493445396423,0.004181891679763794,,,,,
sentence_bert,Q0692,0,0.5943153500556946,0.5761016607284546,0.01821368932723999,,,,,
sentence_bert,Q0693,0,0.6682466864585876,0.635302722454071,0.0329439640045166,,,,,
sentence_bert,Q0694,0,0.7445950508117676,0.7435412406921387,0.0010538101196289062,,,,,
sentence_bert,Q0695,0,0.6150256395339966,0.5749828815460205,0.040042757987976074,,,,,
sentence_bert,Q0696,0,0.6851218938827515,0.6430355310440063,0.04208636283874512,,,,,
sentence_bert,Q0698,0,0.4157440662384033,0.37261897325515747,0.04312509298324585,,,,,
sentence_bert,Q0700,0,0.6579475998878479,0.64262855052948,0.01531904935836792,,,,,
sentence_bert,Q0702,0,0.6613121628761292,0.6522159576416016,0.009096205234527588,,,,,
sentence_bert,Q0703,0,0.7043713331222534,0.6572609543800354,0.04711037874221802,,,,,
sentence_bert,Q0704,0,0.46997159719467163,0.4570959806442261,0.012875616550445557,,,,,
sentence_bert,Q0705,0,0.6662086248397827,0.6651239991188049,0.0010846257209777832,,,,,
sentence_bert,Q0708,0,0.6839151382446289,0.678086519241333,0.0058286190032958984,,,,,
sentence_bert,Q0710,0,0.7366037964820862,0.7265232801437378,0.010080516338348389,,,,,
sentence_bert,Q0713,0,0.5364381074905396,0.5159484148025513,0.02048969268798828,,,,,
sentence_bert,Q0715,0,0.6223543882369995,0.6134285926818848,0.008925795555114746,,,,,
sentence_bert,Q0720,0,0.5729244351387024,0.5724571943283081,0.0004672408103942871,,,,,
