representation,selector,experiment,method,margin,top_k,total_gold_questions,submitted_prediction_count,evaluated_question_count,unanswered_question_count,answer_coverage,unknown_prediction_count,exact_match_count,exact_match_rate,mean_question_precision,mean_question_recall,mean_question_f1,mean_question_jaccard,micro_precision,micro_recall,micro_f1,micro_jaccard,average_selected_chunks,empty_selection_rate,zero_gold_question_count,correct_abstention_count,zero_gold_abstention_rate,total_tp,total_fp,total_fn,unanswered_question_ids,unknown_prediction_question_ids,threshold
e5,top_k_threshold,e5_top_k_threshold_1_0.84,top_k_threshold,,1.0,427,427,427,0,1.0,0,275,0.6440281030444965,0.6604215456674473,0.6522248243559718,0.6549570647931303,0.6522248243559718,0.6927374301675978,0.6684636118598383,0.6803840877914953,0.5155925155925156,0.8384074941451991,0.16159250585480095,74,34,0.4594594594594595,248,110,123,[],[],0.84
e5,relative_margin,e5_relative_margin_1_0.003,relative_margin,0.003,1.0,427,427,427,0,1.0,0,270,0.6323185011709602,0.6487119437939111,0.6405152224824356,0.643247462919594,0.6405152224824356,0.7212643678160919,0.6765498652291105,0.6981919332406119,0.5363247863247863,0.8149882903981265,0.18501170960187355,74,26,0.35135135135135137,251,97,120,[],[],
e5,top_k,e5_top_k_1,top_k,,1.0,427,427,427,0,1.0,0,261,0.6112412177985949,0.629976580796253,0.6206088992974239,0.6237314597970339,0.6206088992974239,0.629976580796253,0.7250673854447439,0.674185463659148,0.5085066162570888,1.0,0.0,74,0,0.0,269,158,102,[],[],
tfidf,relative_margin,tfidf_relative_margin_1_0.3,relative_margin,0.3,1.0,427,427,427,0,1.0,0,235,0.550351288056206,0.5690866510538641,0.5597189695550351,0.5628415300546447,0.5597189695550351,0.8317757009345794,0.4797843665768194,0.6085470085470086,0.43734643734643736,0.5011709601873536,0.49882903981264637,74,65,0.8783783783783784,178,36,193,[],[],
tfidf,top_k_threshold,tfidf_top_k_threshold_1_0.1,top_k_threshold,,1.0,427,427,427,0,1.0,0,234,0.5480093676814989,0.5690866510538641,0.5585480093676815,0.5620608899297422,0.5585480093676815,0.5923076923076923,0.6226415094339622,0.607095926412615,0.4358490566037736,0.9133489461358314,0.08665105386416862,74,12,0.16216216216216217,231,159,140,[],[],0.1
tfidf,top_k,tfidf_top_k_1,top_k,,1.0,427,427,427,0,1.0,0,227,0.531615925058548,0.5526932084309133,0.5421545667447307,0.5456674473067914,0.5421545667447307,0.5526932084309133,0.6361185983827493,0.5914786967418546,0.4199288256227758,1.0,0.0,74,0,0.0,236,191,135,[],[],
e5,threshold,e5_threshold_0.8668,threshold,,,427,427,427,0,1.0,0,158,0.3700234192037471,0.46142585802590447,0.6264637002341921,0.49711382814427313,0.45888877761997154,0.3333333333333333,0.5606469002695418,0.41809045226130653,0.26429479034307496,1.4613583138173303,0.4496487119437939,74,61,0.8243243243243243,208,416,163,[],[],0.8668
tfidf,threshold,tfidf_threshold_0.13,threshold,,,427,427,427,0,1.0,0,161,0.3770491803278688,0.46390097022415533,0.563231850117096,0.48790007806401253,0.45625069700011156,0.39304347826086955,0.6091644204851752,0.47780126849894283,0.3138888888888889,1.3466042154566744,0.2576112412177986,74,19,0.25675675675675674,226,349,145,[],[],0.13
sentence_bert,top_k_threshold,sentence_bert_top_k_threshold_1_0.646,top_k_threshold,,1.0,427,427,427,0,1.0,0,166,0.38875878220140514,0.39344262295081966,0.3911007025761124,0.3918813427010149,0.3911007025761124,0.445993031358885,0.3450134770889488,0.3890577507598784,0.24150943396226415,0.6721311475409836,0.32786885245901637,74,40,0.5405405405405406,128,159,243,[],[],0.646
sentence_bert,relative_margin,sentence_bert_relative_margin_1_0.0103,relative_margin,0.0103,1.0,427,427,427,0,1.0,0,160,0.3747072599531616,0.38173302107728335,0.37822014051522246,0.3793911007025761,0.37822014051522246,0.4207492795389049,0.3935309973045822,0.4066852367688022,0.25524475524475526,0.8126463700234192,0.1873536299765808,74,17,0.22972972972972974,146,201,225,[],[],
sentence_bert,top_k,sentence_bert_top_k_1,top_k,,1.0,427,427,427,0,1.0,0,154,0.36065573770491804,0.3700234192037471,0.36533957845433257,0.36690085870413736,0.36533957845433257,0.3700234192037471,0.42587601078167114,0.39598997493734334,0.246875,1.0,0.0,74,0,0.0,158,269,213,[],[],
sentence_bert,threshold,sentence_bert_threshold_0.711,threshold,,,427,427,427,0,1.0,0,120,0.2810304449648712,0.33246200616361793,0.43559718969555034,0.35533239854082954,0.3322668461323923,0.23404255319148937,0.3261455525606469,0.2725225225225225,0.1577574967405476,1.2107728337236534,0.6088992974238876,74,66,0.8918918918918919,121,396,250,[],[],0.711
