representation,selector,experiment,method,top_k,margin,total_gold_questions,submitted_prediction_count,evaluated_question_count,unanswered_question_count,answer_coverage,unknown_prediction_count,exact_match_count,exact_match_rate,mean_question_precision,mean_question_recall,mean_question_f1,mean_question_jaccard,micro_precision,micro_recall,micro_f1,micro_jaccard,average_selected_chunks,empty_selection_rate,zero_gold_question_count,correct_abstention_count,zero_gold_abstention_rate,total_tp,total_fp,total_fn,unanswered_question_ids,unknown_prediction_question_ids,threshold
e5,top_k_threshold,e5_top_k_threshold_1_0.8396,top_k_threshold,1.0,,426,426,426,0,1.0,0,271,0.636150234741784,0.6549295774647887,0.6455399061032864,0.6486697965571203,0.6455399061032864,0.6866096866096866,0.6584699453551912,0.6722454672245466,0.5063025210084033,0.823943661971831,0.176056338028169,78,38,0.48717948717948717,241,110,125,[],[],0.8396
e5,relative_margin,e5_relative_margin_1_0.0032,relative_margin,1.0,0.0032,426,426,426,0,1.0,0,258,0.6056338028169014,0.6244131455399061,0.6150234741784038,0.6181533646322377,0.6150234741784038,0.7048710601719198,0.6721311475409836,0.6881118881118881,0.5245202558635395,0.8192488262910798,0.1807511737089202,78,20,0.2564102564102564,246,103,120,[],[],
e5,top_k,e5_top_k_1,top_k,1.0,,426,426,426,0,1.0,0,254,0.596244131455399,0.6173708920187794,0.6068075117370892,0.6103286384976527,0.6068075117370892,0.6173708920187794,0.7185792349726776,0.6641414141414143,0.497164461247637,1.0,0.0,78,0,0.0,263,163,103,[],[],
tfidf,top_k_threshold,tfidf_top_k_threshold_1_0.0784,top_k_threshold,1.0,,426,426,426,0,1.0,0,225,0.528169014084507,0.5516431924882629,0.539906103286385,0.5438184663536775,0.539906103286385,0.5623471882640587,0.6284153005464481,0.5935483870967743,0.42201834862385323,0.960093896713615,0.03990610328638498,78,5,0.0641025641025641,230,179,136,[],[],0.0784
tfidf,relative_margin,tfidf_relative_margin_1_0.236,relative_margin,1.0,0.236,426,426,426,0,1.0,0,226,0.5305164319248826,0.5492957746478874,0.539906103286385,0.5430359937402189,0.539906103286385,0.7426160337552743,0.4808743169398907,0.5837479270315092,0.41217798594847777,0.5563380281690141,0.44366197183098594,78,58,0.7435897435897436,176,61,190,[],[],
tfidf,top_k,tfidf_top_k_1,top_k,1.0,,426,426,426,0,1.0,0,221,0.5187793427230047,0.5422535211267606,0.5305164319248826,0.5344287949921751,0.5305164319248826,0.5422535211267606,0.6311475409836066,0.5833333333333334,0.4117647058823529,1.0,0.0,78,0,0.0,231,195,135,[],[],
e5,threshold,e5_threshold_0.8624,threshold,,,426,426,426,0,1.0,0,150,0.352112676056338,0.4433492909196284,0.6373239436619719,0.4828879198458518,0.44186259295405717,0.2545018007202881,0.5792349726775956,0.3536280233527939,0.21479229989868287,1.9553990610328638,0.4295774647887324,78,61,0.782051282051282,212,621,154,[],[],0.8624
tfidf,threshold,tfidf_threshold_0.13,threshold,,,426,426,426,0,1.0,0,144,0.3380281690140845,0.4377990163201432,0.5539906103286385,0.46752738654147097,0.4305220210149789,0.37796610169491524,0.6092896174863388,0.46652719665271963,0.3042291950886767,1.3849765258215962,0.24882629107981222,78,18,0.23076923076923078,223,367,143,[],[],0.13
sentence_bert,top_k_threshold,sentence_bert_top_k_threshold_1_0.674,top_k_threshold,1.0,,426,426,426,0,1.0,0,166,0.38967136150234744,0.39436619718309857,0.392018779342723,0.3928012519561815,0.392018779342723,0.49333333333333335,0.30327868852459017,0.3756345177664974,0.23125,0.528169014084507,0.47183098591549294,78,57,0.7307692307692307,111,114,255,[],[],0.674
sentence_bert,relative_margin,sentence_bert_relative_margin_1_0.0064,relative_margin,1.0,0.0064,426,426,426,0,1.0,0,159,0.3732394366197183,0.38028169014084506,0.3767605633802817,0.3779342723004695,0.3767605633802817,0.390625,0.4098360655737705,0.4,0.25,0.9014084507042254,0.09859154929577464,78,12,0.15384615384615385,150,234,216,[],[],
sentence_bert,top_k,sentence_bert_top_k_1,top_k,1.0,,426,426,426,0,1.0,0,151,0.3544600938967136,0.3615023474178404,0.357981220657277,0.3591549295774648,0.357981220657277,0.3615023474178404,0.4207650273224044,0.3888888888888889,0.2413793103448276,1.0,0.0,78,0,0.0,154,272,212,[],[],
sentence_bert,threshold,sentence_bert_threshold_0.71,threshold,,,426,426,426,0,1.0,0,124,0.29107981220657275,0.3368356864835738,0.4307511737089202,0.35768132493484606,0.336718315591555,0.2446351931330472,0.3114754098360656,0.27403846153846156,0.15877437325905291,1.0938967136150235,0.6103286384976526,78,70,0.8974358974358975,114,352,252,[],[],0.71
