chunk_id,similarity_mean,similarity_median,similarity_std,similarity_min,similarity_max,top1_count,top1_share
PO25CL-FRONT-TITLE,0.7962795178923342,0.7970824241638184,0.018802028524925456,0.7430765628814697,0.8583592176437378,1,0.001388888888888889
PO25CL-FRONT-PREAMBLE,0.7747797882391347,0.7770229876041412,0.023746823089081787,0.7037038803100586,0.8550708293914795,1,0.001388888888888889
PO25CL-GEN-C01-P01-A01,0.7752968589464824,0.7728472054004669,0.024050453028985643,0.7129291296005249,0.8669719696044922,9,0.0125
PO25CL-GEN-C01-P01-A02,0.7886006419029501,0.7890161871910095,0.026567387954199724,0.7149521112442017,0.8837952613830566,0,0.0
PO25CL-GEN-C01-P02-A01,0.7819437436759472,0.7823755741119385,0.02698723694233876,0.7077393531799316,0.9018865823745728,2,0.002777777777777778
PO25CL-GEN-C01-P02-A02,0.7874013002547953,0.7869479060173035,0.02519557315056995,0.7189610004425049,0.9003497362136841,3,0.004166666666666667
PO25CL-GEN-C01-P02-A03,0.7822559720112218,0.7810816168785095,0.0215358404294944,0.7179875373840332,0.9110760688781738,1,0.001388888888888889
PO25CL-GEN-C01-P03-A01,0.7822395194735792,0.7797824442386627,0.031202978959567144,0.7057695388793945,0.9066448211669922,6,0.008333333333333333
PO25CL-GEN-C01-P03-A02,0.7919264586435424,0.7913637161254883,0.030092865232048443,0.7143755555152893,0.8964732885360718,10,0.013888888888888888
PO25CL-GEN-C01-P03-A03,0.7996402918464608,0.798742413520813,0.02711257996783353,0.7182551026344299,0.8824209570884705,8,0.011111111111111112
PO25CL-GEN-C01-P03-A04,0.7974461753335264,0.7960751056671143,0.025572899223002137,0.7248436808586121,0.921795666217804,2,0.002777777777777778
PO25CL-GEN-C01-P03-A05,0.7985442150798109,0.7976248264312744,0.026572408500392428,0.7270755767822266,0.9114166498184204,3,0.004166666666666667
PO25CL-GEN-C01-P04-A01,0.7861672492490874,0.7858734726905823,0.02637439464945529,0.7168498039245605,0.8843696117401123,1,0.001388888888888889
PO25CL-GEN-C01-P04-A02,0.7873850964009762,0.7860104143619537,0.028200447136678304,0.7208741903305054,0.8936387300491333,1,0.001388888888888889
PO25CL-GEN-C01-P04-A03,0.7895030064715279,0.7909772992134094,0.02516555734464858,0.7196784019470215,0.892926812171936,6,0.008333333333333333
PO25CL-GEN-C01-P04-A04,0.7850667096674442,0.7848130762577057,0.02423489769150037,0.7252323627471924,0.886832594871521,5,0.006944444444444444
PO25CL-GEN-C01-P04-A05,0.7826586727466848,0.7818631231784821,0.025980662874297292,0.7210084199905396,0.8941680192947388,9,0.0125
PO25CL-GEN-C01-P05-A01,0.7771464433107111,0.7753090262413025,0.025710704948092408,0.7142398357391357,0.904678463935852,9,0.0125
PO25CL-GEN-C01-P05-A02,0.7987497094604704,0.7997636198997498,0.02721488529363848,0.7244351506233215,0.8894404172897339,12,0.016666666666666666
PO25CL-GEN-C01-P05-A03,0.7801629834704928,0.7798500061035156,0.02049413300897311,0.7273640036582947,0.8888060450553894,1,0.001388888888888889
PO25CL-GEN-C02-P06-U01,0.7835672516789701,0.7847138047218323,0.021841671802126098,0.7215703725814819,0.8654986619949341,3,0.004166666666666667
PO25CL-GEN-C02-P07-A01,0.7920420785744985,0.7926850616931915,0.02456944208917487,0.7192487120628357,0.9018541574478149,8,0.011111111111111112
PO25CL-GEN-C02-P07-A02,0.7851685442030429,0.7844038903713226,0.02188948336915068,0.7193385362625122,0.8880331516265869,3,0.004166666666666667
PO25CL-GEN-C02-P07-A03,0.7956949363152186,0.7951826453208923,0.02312051148573008,0.7355567812919617,0.8809428215026855,3,0.004166666666666667
PO25CL-GEN-C02-P07-A04,0.7962484545177884,0.7968737483024597,0.022466327650434062,0.7326921820640564,0.8968225121498108,2,0.002777777777777778
PO25CL-GEN-C02-P07-A05,0.7816685737007194,0.7812980711460114,0.01801071184991662,0.7249865531921387,0.8736280202865601,1,0.001388888888888889
PO25CL-GEN-C02-P08-U01,0.783615199642049,0.7829124927520752,0.024354408719735567,0.7180516123771667,0.9039337635040283,15,0.020833333333333332
PO25CL-GEN-C02-P09-A01,0.7868954783512486,0.7849442660808563,0.027369154609412173,0.7162101864814758,0.9327430129051208,3,0.004166666666666667
PO25CL-GEN-C02-P09-A02,0.7770121868285867,0.7757963836193085,0.025431634011491167,0.7166747450828552,0.9079366326332092,10,0.013888888888888888
PO25CL-GEN-C02-P09-A03,0.7882455457415846,0.7876650393009186,0.021222228692899532,0.7207313776016235,0.8711005449295044,2,0.002777777777777778
PO25CL-GEN-C02-P09-A04,0.7883916469083891,0.7890079617500305,0.022722396412231276,0.720201313495636,0.9035135507583618,3,0.004166666666666667
PO25CL-GEN-C02-P09-A05,0.7888855228821436,0.7894483506679535,0.0205055606042914,0.7253170013427734,0.8805020451545715,1,0.001388888888888889
PO25CL-GEN-C03-P10-U01,0.7923121925029489,0.7928853332996368,0.02792862119970069,0.7160047292709351,0.9000275135040283,4,0.005555555555555556
PO25CL-GEN-C03-P11-A01,0.7992646015352673,0.7975389063358307,0.0269900836852397,0.7261495590209961,0.8818690180778503,4,0.005555555555555556
PO25CL-GEN-C03-P11-A02,0.7992884851164288,0.7978540062904358,0.025265817612836465,0.7237375974655151,0.8758125305175781,1,0.001388888888888889
PO25CL-GEN-C03-P11-A03,0.7960919882688258,0.793332427740097,0.026877272732533784,0.7230569124221802,0.8895298838615417,5,0.006944444444444444
PO25CL-GEN-C03-P11-A04,0.7969815869298246,0.7952757179737091,0.02762034192838388,0.7249437570571899,0.9064656496047974,3,0.004166666666666667
PO25CL-GEN-C03-P11-A05,0.7989973068237305,0.7969021797180176,0.027611405347655854,0.7238097190856934,0.901279866695404,3,0.004166666666666667
PO25CL-GEN-C03-P11-A06,0.798965345074733,0.7963605523109436,0.02843569404143625,0.7246147394180298,0.8986160755157471,8,0.011111111111111112
PO25CL-GEN-C03-P11-A07,0.7931667394936085,0.789992481470108,0.02707409657546407,0.7211633920669556,0.890466570854187,1,0.001388888888888889
PO25CL-GEN-C03-P11-A08,0.7936107263796859,0.7924709022045135,0.024289409276778952,0.7297278046607971,0.886654257774353,2,0.002777777777777778
PO25CL-GEN-C03-P11-A09,0.7998970525132285,0.7984040975570679,0.024157109174923263,0.7340269088745117,0.9000691771507263,2,0.002777777777777778
PO25CL-GEN-C03-P12-A01,0.7875344087680181,0.7880717813968658,0.027535579406899907,0.7092292308807373,0.8886171579360962,2,0.002777777777777778
PO25CL-GEN-C03-P12-A02,0.8075303865803612,0.807709813117981,0.025110371615634182,0.731453537940979,0.8669869899749756,2,0.002777777777777778
PO25CL-GEN-C03-P12-A03,0.7877066251304414,0.7839374244213104,0.027687035265731214,0.7259088158607483,0.9025788903236389,4,0.005555555555555556
PO25CL-GEN-C03-P12-A04,0.7882332843210962,0.7836439907550812,0.028419850944422325,0.7205260992050171,0.898184061050415,4,0.005555555555555556
PO25CL-GEN-C03-P12-A05,0.7905095431539747,0.789081335067749,0.02776996154987198,0.718183159828186,0.8840630054473877,3,0.004166666666666667
PO25CL-GEN-C03-P13-A01,0.7890958776076634,0.7860051691532135,0.028942500133684174,0.7145596742630005,0.9066259860992432,7,0.009722222222222222
PO25CL-GEN-C03-P13-A02,0.7916420730451743,0.7876318097114563,0.026918329360346275,0.7315558791160583,0.913032054901123,6,0.008333333333333333
PO25CL-GEN-C03-P14-A01,0.7950327895581722,0.7931607365608215,0.02550510286218941,0.7213934659957886,0.8988820910453796,2,0.002777777777777778
PO25CL-GEN-C03-P14-A02,0.7967446189787653,0.7948985993862152,0.023180379135717216,0.7267091870307922,0.8805160522460938,5,0.006944444444444444
PO25CL-GEN-C03-P14-A03,0.7880588908162381,0.7856784760951996,0.027413792189218848,0.7039394378662109,0.9041053056716919,6,0.008333333333333333
PO25CL-GEN-C03-P14-A04,0.7969121802184317,0.7970538139343262,0.028746972134985126,0.7081972360610962,0.900391697883606,6,0.008333333333333333
PO25CL-GEN-C03-P14-A05,0.7908731621172693,0.7895324230194092,0.028080981082940354,0.7079469561576843,0.9023846387863159,5,0.006944444444444444
PO25CL-GEN-C03-P14-A06,0.7961112304694122,0.7956444025039673,0.026772622074303264,0.7119576930999756,0.9119259119033813,8,0.011111111111111112
PO25CL-GEN-C03-P14-A07,0.7910288186536895,0.7912402451038361,0.02301585033818796,0.7211464643478394,0.890552282333374,3,0.004166666666666667
PO25CL-GEN-C03-P14-A08,0.7951804419358571,0.793644368648529,0.02507822306302179,0.7179890871047974,0.8773986101150513,2,0.002777777777777778
PO25CL-GEN-C03-P14-A09,0.7940380008684265,0.7945099174976349,0.018320048480837927,0.7380899786949158,0.8477197289466858,1,0.001388888888888889
PO25CL-GEN-C03-P14-A10,0.7915262224773566,0.7901041805744171,0.027940334042115284,0.7112886905670166,0.8865494728088379,1,0.001388888888888889
PO25CL-GEN-C03-P15-A01,0.7932128617333041,0.7930101752281189,0.026172089566470894,0.7266063690185547,0.8991578221321106,4,0.005555555555555556
PO25CL-GEN-C03-P15-A02,0.7931553390291002,0.7935547828674316,0.027417795441774664,0.7157476544380188,0.885324239730835,6,0.008333333333333333
PO25CL-GEN-C03-P15-A03,0.7907853723400169,0.790841668844223,0.02530150242976796,0.7203158140182495,0.8582460284233093,2,0.002777777777777778
PO25CL-GEN-C03-P15-A04,0.7884994855357541,0.7857282757759094,0.02895807538825623,0.7166579365730286,0.8997122049331665,5,0.006944444444444444
PO25CL-GEN-C03-P15-A05,0.7936053278545538,0.7918612957000732,0.02746093661397458,0.7186048030853271,0.9070074558258057,5,0.006944444444444444
PO25CL-GEN-C03-P15-A06,0.7936990676654709,0.7934693098068237,0.02538502990635578,0.7260092496871948,0.8792539834976196,2,0.002777777777777778
PO25CL-GEN-C03-P15-A07,0.7912324365642336,0.7892038226127625,0.024688824886402904,0.7209100723266602,0.8886455297470093,5,0.006944444444444444
PO25CL-GEN-C03-P15-A08,0.7914302232364814,0.7898736298084259,0.027879909987613503,0.71677166223526,0.9072333574295044,3,0.004166666666666667
PO25CL-GEN-C03-P15-A09,0.7826238503886593,0.7791432440280914,0.025513104801173237,0.7227747440338135,0.8615053296089172,2,0.002777777777777778
PO25CL-GEN-C03-P15-A10,0.7824071288936668,0.7789855599403381,0.03086195465117354,0.6993618011474609,0.9140395522117615,4,0.005555555555555556
PO25CL-GEN-C03-P16-A01,0.7870098138848941,0.7855771780014038,0.02972085317779502,0.7021220922470093,0.8892399072647095,7,0.009722222222222222
PO25CL-GEN-C03-P16-A02,0.7874226835866769,0.7843287289142609,0.028679001876418368,0.7021982669830322,0.8861256837844849,8,0.011111111111111112
PO25CL-GEN-C03-P16-A03,0.7931742979420556,0.7920655012130737,0.02739136225003458,0.7209397554397583,0.9014174938201904,2,0.002777777777777778
PO25CL-GEN-C03-P17-A01,0.7986075781285763,0.7961157858371735,0.02744526063216709,0.7285822033882141,0.8917451500892639,5,0.006944444444444444
PO25CL-GEN-C03-P17-A02,0.7806535960899459,0.7804490625858307,0.026927042734020377,0.712509274482727,0.8634847402572632,4,0.005555555555555556
PO25CL-GEN-C03-P17-A03,0.7773501646187571,0.775250256061554,0.029777555799097143,0.6953321695327759,0.8690337538719177,6,0.008333333333333333
PO25CL-GEN-C03-P17-A04,0.7824637329412831,0.7819955050945282,0.025409546253844686,0.7092833518981934,0.8746390342712402,1,0.001388888888888889
PO25CL-GEN-C03-P17-A05,0.7820843426717652,0.7811509072780609,0.02299044595653498,0.7235043048858643,0.8619845509529114,3,0.004166666666666667
PO25CL-GEN-C03-P17-A06,0.7882344454526902,0.7879162728786469,0.02600361179171112,0.7100439071655273,0.8746775388717651,2,0.002777777777777778
PO25CL-GEN-C03-P18-A01,0.7776444580819871,0.7772943675518036,0.026097833190658934,0.701592743396759,0.8727696537971497,6,0.008333333333333333
PO25CL-GEN-C03-P18-A02,0.7905334724320305,0.7906047105789185,0.027317769538136912,0.7160253524780273,0.9043208360671997,6,0.008333333333333333
PO25CL-GEN-C03-P18-A03,0.78850594750709,0.7882034778594971,0.02807678929560722,0.713790774345398,0.9056910872459412,9,0.0125
PO25CL-GEN-C03-P18-A04,0.7923485553926892,0.7910034656524658,0.027480181828465806,0.7087323665618896,0.9097486734390259,2,0.002777777777777778
PO25CL-GEN-C03-P18-A05,0.7932665341430241,0.7924369871616364,0.02767605500589442,0.712101936340332,0.9180277585983276,5,0.006944444444444444
PO25CL-GEN-C03-P18-A06,0.7919689737260341,0.7915346920490265,0.027665793141654935,0.7050880193710327,0.9158748388290405,3,0.004166666666666667
PO25CL-GEN-C03-P18-A07,0.7827850583526823,0.7822888493537903,0.02878671860742634,0.7064276337623596,0.8801471590995789,2,0.002777777777777778
PO25CL-GEN-C03-P18-A08,0.7866968397465017,0.7863969206809998,0.02303015473617643,0.7191539406776428,0.8569345474243164,0,0.0
PO25CL-GEN-C03-P19-A01,0.7991087764501572,0.7996169626712799,0.02774574907989197,0.7239087224006653,0.8849876523017883,0,0.0
PO25CL-GEN-C03-P19-A02,0.7855105241139729,0.7839761078357697,0.024813073584673554,0.7186715602874756,0.8731428980827332,1,0.001388888888888889
PO25CL-GEN-C03-P19-A03,0.7888648905687862,0.7873026728630066,0.022899312648595387,0.7276020646095276,0.8910655379295349,1,0.001388888888888889
PO25CL-GEN-C03-P19-A04,0.7808555759489536,0.779170036315918,0.030148806433968448,0.7003990411758423,0.9035117030143738,4,0.005555555555555556
PO25CL-GEN-C03-P19-A05,0.7967142694526248,0.793548583984375,0.02613456723319586,0.7261689901351929,0.9065389633178711,3,0.004166666666666667
PO25CL-GEN-C03-P19-A06,0.7911481857299805,0.7896636128425598,0.028554471976032787,0.7228600978851318,0.913054883480072,3,0.004166666666666667
PO25CL-GEN-C03-P19-A07,0.7905601470006837,0.7891494631767273,0.024350278727497884,0.7265484929084778,0.8910377025604248,1,0.001388888888888889
PO25CL-GEN-C03-P19-A08,0.7876841949919859,0.7861715853214264,0.024736601099612253,0.7224887013435364,0.8606165647506714,5,0.006944444444444444
PO25CL-GEN-C03-P19-A09,0.7972925390634272,0.7964798510074615,0.02959769471502756,0.7196067571640015,0.8940292000770569,3,0.004166666666666667
PO25CL-GEN-C03-P19-A10,0.7887301853133573,0.7878044545650482,0.029101156691936428,0.7115604877471924,0.8999332785606384,4,0.005555555555555556
PO25CL-GEN-C03-P20-A01,0.7847265787422657,0.7845819592475891,0.02929310354075217,0.7107661366462708,0.8691970109939575,1,0.001388888888888889
PO25CL-GEN-C03-P20-A02,0.7833550371229648,0.7828899323940277,0.029841260140637225,0.7144272923469543,0.870292067527771,2,0.002777777777777778
PO25CL-GEN-C03-P20-A03,0.7885416817333963,0.7885379195213318,0.023034965111789152,0.7227621078491211,0.8630673885345459,1,0.001388888888888889
PO25CL-GEN-C03-P20-A04,0.7864382353093889,0.7861495912075043,0.028865320319990957,0.7192729115486145,0.8801734447479248,3,0.004166666666666667
PO25CL-GEN-C03-P21-A01,0.7918152674204774,0.7914952337741852,0.029168991955889047,0.7142407894134521,0.8942795395851135,2,0.002777777777777778
PO25CL-GEN-C03-P21-A02,0.7930842109024525,0.7951120734214783,0.030369117890742356,0.7106159925460815,0.8937814235687256,12,0.016666666666666666
PO25CL-GEN-C03-P21-A03,0.7856598415308529,0.7837398052215576,0.028923792631026644,0.7185842990875244,0.8880332112312317,3,0.004166666666666667
PO25CL-GEN-C03-P21-A04,0.7788352930711375,0.7789946794509888,0.02647996521761599,0.7106267213821411,0.882998526096344,2,0.002777777777777778
PO25CL-GEN-C03-P22-U01,0.7817357680035962,0.7809410691261292,0.025530674354278082,0.7181674242019653,0.8960544466972351,2,0.002777777777777778
PO25CL-GEN-C03-P23-U01,0.7860132017069392,0.7862027883529663,0.02887395003117363,0.7175579071044922,0.8960961103439331,4,0.005555555555555556
PO25CL-GEN-C04-P24-A01,0.7758255008194181,0.7766333818435669,0.02436105934023083,0.7020344138145447,0.8760302066802979,4,0.005555555555555556
PO25CL-GEN-C04-P24-A02,0.7728655682669745,0.772218644618988,0.02818974622095996,0.6984838247299194,0.887566089630127,6,0.008333333333333333
PO25CL-GEN-C04-P24-A03,0.7796200084189574,0.7798271179199219,0.026232837530559713,0.7106921672821045,0.8972294330596924,9,0.0125
PO25CL-GEN-C04-P24-A04,0.7817426845431328,0.7824610769748688,0.025461525335797843,0.7153262495994568,0.8654938340187073,0,0.0
PO25CL-GEN-C04-P24-A05,0.777744634118345,0.7773536443710327,0.026394802491332497,0.7081661224365234,0.8994259834289551,2,0.002777777777777778
PO25CL-GEN-C04-P24-A06,0.7790785301062796,0.7795869708061218,0.026261020829423606,0.7073108553886414,0.8757342100143433,2,0.002777777777777778
PO25CL-GEN-C04-P25-A01,0.773675790677468,0.7719284296035767,0.027297787292478375,0.7080262303352356,0.8905432224273682,3,0.004166666666666667
PO25CL-GEN-C04-P25-A02,0.7843146771192551,0.7833498120307922,0.027676461331367776,0.710868775844574,0.8738051652908325,5,0.006944444444444444
PO25CL-GEN-C04-P25-A03,0.787219579766194,0.7873076796531677,0.02555638870610688,0.7266736030578613,0.8829310536384583,3,0.004166666666666667
PO25CL-GEN-C04-P25-A04,0.7807490756114324,0.7813611924648285,0.024324343893769383,0.7152186036109924,0.8710657358169556,1,0.001388888888888889
PO25CL-GEN-C04-P25-A05,0.7878571758667628,0.787124514579773,0.025938898345780673,0.7251487970352173,0.865784227848053,2,0.002777777777777778
PO25CL-GEN-C04-P25-A06,0.7804294862680965,0.778849720954895,0.027589527151115213,0.7130482792854309,0.8669081330299377,4,0.005555555555555556
PO25CL-GEN-C04-P26-U01,0.7881751163138284,0.787851870059967,0.026451547168959838,0.7242735624313354,0.8736709356307983,4,0.005555555555555556
PO25CL-GEN-C04-P27-A01-02,0.7810763709247113,0.7828182876110077,0.026912342772363793,0.7003515958786011,0.8807615637779236,4,0.005555555555555556
PO25CL-GEN-C04-P27-A03,0.7854476119909022,0.7864788770675659,0.022945630174307678,0.7128462195396423,0.8828087449073792,4,0.005555555555555556
PO25CL-GEN-C04-P28-A01,0.7907834066285028,0.7913711965084076,0.02445600312828008,0.7158026099205017,0.8798474073410034,3,0.004166666666666667
PO25CL-GEN-C04-P28-A02,0.7971211335725255,0.7990640103816986,0.02390458173665712,0.7313711643218994,0.8813205361366272,1,0.001388888888888889
PO25CL-GEN-C04-P28-A03,0.7931488258143266,0.7918708324432373,0.02328806254862993,0.7172905206680298,0.8679646253585815,5,0.006944444444444444
PO25CL-GEN-C04-P28-A04,0.7877876102924347,0.7877656817436218,0.025693952620890814,0.7092833518981934,0.8752502202987671,1,0.001388888888888889
PO25CL-GEN-C04-P28-A05,0.7888621421323883,0.7884892821311951,0.025273966307653134,0.7246412038803101,0.9089133739471436,3,0.004166666666666667
PO25CL-GEN-C04-P28-A06,0.7897104232675499,0.7902587354183197,0.026387975247334765,0.7118653655052185,0.8853436708450317,3,0.004166666666666667
PO25CL-GEN-C04-P28-A07,0.7963978234264586,0.798559159040451,0.026515400768789586,0.7258902788162231,0.8783004283905029,1,0.001388888888888889
PO25CL-GEN-C04-P28-A08,0.79016898671786,0.7909259498119354,0.02598484413829168,0.7132797241210938,0.8585975170135498,2,0.002777777777777778
PO25CL-GEN-C04-P28-A09,0.7976161184410254,0.7974933087825775,0.02656840490776803,0.7147006988525391,0.8679173588752747,4,0.005555555555555556
PO25CL-GEN-C04-P29-U01,0.7802887398335668,0.7794460952281952,0.025401461823203762,0.7123352289199829,0.8818971514701843,5,0.006944444444444444
PO25CL-GEN-C04-P30-U01,0.7930746302836471,0.7933993339538574,0.024824940213826308,0.7258096933364868,0.8888464570045471,3,0.004166666666666667
PO25CL-GEN-C04-P31-A01,0.7825797991620169,0.7824819982051849,0.023001220249927973,0.7207676768302917,0.8536166548728943,4,0.005555555555555556
PO25CL-GEN-C04-P31-A02,0.7903382211095757,0.7893520295619965,0.02092700538823167,0.7296980619430542,0.9071019291877747,2,0.002777777777777778
PO25CL-GEN-C05-P32-U01,0.7724667749471135,0.7723393440246582,0.01796222748552691,0.7222984433174133,0.830027163028717,0,0.0
PO25CL-APP-R01,0.7754743350876703,0.7759025394916534,0.021155546458409807,0.7209527492523193,0.8512950539588928,0,0.0
PO25CL-APP-R02,0.7829847505523099,0.7831934988498688,0.018966194564704417,0.7337168455123901,0.8754309415817261,0,0.0
PO25CL-APP-R03,0.7845124738911787,0.7830871343612671,0.02712769628234329,0.7138608694076538,0.9023857116699219,1,0.001388888888888889
PO25CL-APP-R04,0.7791066240105364,0.7780933678150177,0.02046278018742592,0.7200339436531067,0.8620162010192871,2,0.002777777777777778
PO25CL-APP-R05,0.7848171816103988,0.783912181854248,0.018871681444132052,0.7281747460365295,0.8835732936859131,1,0.001388888888888889
PO25CL-APP-R06,0.7954076854719057,0.7949522733688354,0.026278524064943406,0.7248474955558777,0.8874488472938538,3,0.004166666666666667
PO25CL-APP-R07-M01,0.7872653875086043,0.7828718721866608,0.03296439165189412,0.7115666270256042,0.8926888704299927,6,0.008333333333333333
PO25CL-APP-R07-M02,0.7892862141132355,0.7850704789161682,0.033021145865819924,0.7132510542869568,0.9106975793838501,2,0.002777777777777778
PO25CL-APP-R07-M03,0.7845364724596341,0.7803159058094025,0.034148379530066095,0.6987209916114807,0.8980026841163635,2,0.002777777777777778
PO25CL-APP-R07-M04,0.786080879966418,0.7821565270423889,0.03186474377509398,0.7093803286552429,0.9074654579162598,6,0.008333333333333333
PO25CL-APP-R07-M05,0.7881813555955887,0.7844483256340027,0.03128373905939746,0.7118040323257446,0.9030991792678833,3,0.004166666666666667
PO25CL-APP-R07-M06,0.7877891460226641,0.7846368849277496,0.03133753835134238,0.7110064029693604,0.8992347717285156,4,0.005555555555555556
PO25CL-APP-R07-M07,0.7866946183145046,0.7832530438899994,0.032160318780052474,0.7125793695449829,0.899219810962677,4,0.005555555555555556
PO25CL-APP-R07-M08,0.7864088203344081,0.7814269661903381,0.03174902996192311,0.7136045694351196,0.8906094431877136,5,0.006944444444444444
PO25CL-APP-R07-M09,0.7863794289529323,0.7824693918228149,0.03099194301438908,0.7098678350448608,0.8849585652351379,7,0.009722222222222222
PO25CL-APP-R07-M10,0.7866492073569032,0.7814845442771912,0.032498951415636655,0.7104589939117432,0.885443925857544,3,0.004166666666666667
PO25CL-APP-R07-M11,0.7853249351183573,0.7812857627868652,0.03452108362301466,0.6983519196510315,0.8888912200927734,4,0.005555555555555556
PO25CL-APP-R07-M12,0.7922897925807371,0.7915117740631104,0.029628152198695985,0.7092514634132385,0.879953145980835,1,0.001388888888888889
PO25CL-APP-R07-M13,0.786173321141137,0.7815335094928741,0.031647767952695756,0.7137762308120728,0.8943174481391907,5,0.006944444444444444
PO25CL-APP-R07-M14,0.7875295591851076,0.7834955453872681,0.030887584363952315,0.7144522070884705,0.8981151580810547,2,0.002777777777777778
PO25CL-APP-R07-M15,0.7880404461589124,0.7830665707588196,0.030816388490257522,0.713018000125885,0.8970123529434204,3,0.004166666666666667
PO25CL-APP-R07-M16,0.7904375928971502,0.7896827757358551,0.02883877734897265,0.7104911804199219,0.8926934003829956,2,0.002777777777777778
PO25CL-APP-R07-M17,0.7864337324268288,0.7855392694473267,0.028286877302541626,0.7059316635131836,0.8695467114448547,0,0.0
PO25CL-APP-R08,0.7868438195023272,0.7867003381252289,0.019511542041176246,0.7297499179840088,0.8631113767623901,2,0.002777777777777778
PO25CL-APP-R09,0.7954619841443168,0.7929977774620056,0.02381436312095519,0.7262303233146667,0.8824836015701294,0,0.0
PO25CL-APP-R10,0.7950888568328487,0.796191930770874,0.02301081716166181,0.731132984161377,0.8712130188941956,0,0.0
PO25CL-APP-R11,0.7906994834542275,0.7901194393634796,0.019015246005255847,0.7407463788986206,0.8793983459472656,2,0.002777777777777778
PO25CL-APP-R12,0.779537553505765,0.7798159420490265,0.01936353880646312,0.7223917841911316,0.8665347695350647,2,0.002777777777777778
PO25CL-APP-R13,0.7725304723613792,0.7714318633079529,0.01664262438792053,0.7303539514541626,0.8465039134025574,1,0.001388888888888889
PO25CL-APP-R14,0.7821963883936405,0.7818168997764587,0.02606378997061675,0.7129353284835815,0.9118670225143433,4,0.005555555555555556
PO25CL-PLAN-INTRO,0.7962525972061687,0.7972087264060974,0.022701745828777403,0.7218307256698608,0.8973183035850525,4,0.005555555555555556
PO25CL-PLAN-LEGEND,0.7997059125867155,0.803310751914978,0.026308952253666924,0.723429799079895,0.8810851573944092,6,0.008333333333333333
PO25CL-PLAN-S01-SUM,0.7889973407818212,0.7891433238983154,0.031589242717623756,0.70792555809021,0.8918352127075195,1,0.001388888888888889
PO25CL-PLAN-S01-M01,0.794827676895592,0.7950012981891632,0.030196046565689732,0.7164369821548462,0.8788915276527405,7,0.009722222222222222
PO25CL-PLAN-S01-M02,0.7994469880229897,0.8003657162189484,0.028600561244904774,0.727847695350647,0.8897597193717957,1,0.001388888888888889
PO25CL-PLAN-S01-M03,0.7959558375179767,0.797421008348465,0.02932751114364666,0.7145787477493286,0.8775755167007446,2,0.002777777777777778
PO25CL-PLAN-S01-M04,0.7968947299652629,0.79660564661026,0.029686529066576015,0.7257710099220276,0.8893167972564697,6,0.008333333333333333
PO25CL-PLAN-S01-PBB,0.7970881953835487,0.7975624799728394,0.025446530219145818,0.7307296991348267,0.8842458724975586,0,0.0
PO25CL-PLAN-S02-SUM,0.7916723461614714,0.7916175127029419,0.031129979236098365,0.7098217010498047,0.8869210481643677,2,0.002777777777777778
PO25CL-PLAN-S02-M01,0.8007593073778683,0.8007487654685974,0.029425186136911117,0.7261393666267395,0.8966394066810608,8,0.011111111111111112
PO25CL-PLAN-S02-M02,0.7984893833597501,0.7991145849227905,0.028463334352321592,0.7164203524589539,0.8764508366584778,10,0.013888888888888888
PO25CL-PLAN-S02-M03,0.798361289418406,0.7984738647937775,0.02839009027696187,0.7296400666236877,0.8913277983665466,11,0.015277777777777777
PO25CL-PLAN-S02-M04,0.799652053332991,0.8004241287708282,0.027646771884750856,0.7255809903144836,0.8957538604736328,5,0.006944444444444444
PO25CL-PLAN-S02-PBB,0.798218589524428,0.7985314726829529,0.02593125885970528,0.7306636571884155,0.8879716992378235,0,0.0
PO25CL-PLAN-S03-SUM,0.7923855315479967,0.7924959063529968,0.031174876663969665,0.7105569243431091,0.888750433921814,2,0.002777777777777778
PO25CL-PLAN-S03-M01,0.8006249922845099,0.8018932938575745,0.02843117493055198,0.7265212535858154,0.8947466611862183,1,0.001388888888888889
PO25CL-PLAN-S03-M02,0.7980201791558,0.7993870675563812,0.028755507627365246,0.7279877662658691,0.8813900351524353,5,0.006944444444444444
PO25CL-PLAN-S03-M03,0.7981995290352238,0.7980221211910248,0.02979701923911391,0.7280558347702026,0.8785278797149658,5,0.006944444444444444
PO25CL-PLAN-S03-M04,0.8002839181158278,0.8002329468727112,0.031074477966994887,0.7228897213935852,0.8757082223892212,11,0.015277777777777777
PO25CL-PLAN-S03-PBB,0.7982646942966514,0.7987260520458221,0.026706186158194478,0.7278096079826355,0.8900699019432068,0,0.0
PO25CL-PLAN-S04-SUM,0.7908466642929448,0.7912051677703857,0.03145115072758569,0.7084840536117554,0.8863999247550964,2,0.002777777777777778
PO25CL-PLAN-S04-M01,0.8008376475837495,0.8008336424827576,0.029457411787461182,0.7260879874229431,0.8811210989952087,5,0.006944444444444444
PO25CL-PLAN-S04-M02,0.7986011108590497,0.7998188138008118,0.028468867847249973,0.7268224954605103,0.8754374980926514,5,0.006944444444444444
PO25CL-PLAN-S04-M03,0.7970550704333518,0.7981236577033997,0.028653792947577996,0.724220871925354,0.8779783248901367,6,0.008333333333333333
PO25CL-PLAN-S04-M04,0.7986738285256757,0.8003124892711639,0.028210000118149895,0.725220799446106,0.8895008563995361,3,0.004166666666666667
PO25CL-PLAN-S04-M05,0.8012572324110402,0.80327969789505,0.026717012179606762,0.7322412729263306,0.8828969597816467,5,0.006944444444444444
PO25CL-PLAN-S04-PBB,0.7982324553032716,0.7987378239631653,0.02636114358657796,0.7290775775909424,0.8873423337936401,1,0.001388888888888889
PO25CL-PLAN-S05-SUM,0.7909623138606549,0.7907267212867737,0.03133560550960708,0.7094884514808655,0.8886127471923828,2,0.002777777777777778
PO25CL-PLAN-S05-M01,0.7978422961301274,0.7996746003627777,0.02945175969923747,0.7188501954078674,0.8970565795898438,2,0.002777777777777778
PO25CL-PLAN-S05-M02,0.7982271223432488,0.798687070608139,0.029652349628480013,0.7223963737487793,0.891039252281189,4,0.005555555555555556
PO25CL-PLAN-S05-M03,0.7963606635729472,0.7973611056804657,0.028769841173177973,0.7221503853797913,0.8884802460670471,2,0.002777777777777778
PO25CL-PLAN-S05-PBB,0.7967459734943177,0.7970612049102783,0.02716793752351632,0.7272547483444214,0.8871983289718628,1,0.001388888888888889
PO25CL-PLAN-S06-SUM,0.791923276003864,0.7913214266300201,0.03132071355666199,0.7094548344612122,0.8918384313583374,3,0.004166666666666667
PO25CL-PLAN-S06-M01,0.7977672388156255,0.7969333231449127,0.029418184088247645,0.7230838537216187,0.8929587602615356,6,0.008333333333333333
PO25CL-PLAN-S06-M02,0.8009332751234373,0.8036373257637024,0.02915517348348849,0.7257912158966064,0.8896130323410034,8,0.011111111111111112
PO25CL-PLAN-S06-PBB,0.7968888214892811,0.7977438569068909,0.02658523595099896,0.7275975942611694,0.8886605501174927,1,0.001388888888888889
