experiment,representation,method,threshold,top_k,total_gold_questions,submitted_prediction_count,evaluated_question_count,unanswered_question_count,answer_coverage,unknown_prediction_count,exact_match_count,exact_match_rate,mean_question_precision,mean_question_recall,mean_question_f1,mean_question_jaccard,micro_precision,micro_recall,micro_f1,micro_jaccard,average_selected_chunks,empty_selection_rate,zero_gold_question_count,correct_abstention_count,zero_gold_abstention_rate,total_tp,total_fp,total_fn,unanswered_question_ids,unknown_prediction_question_ids,margin
e5_top_k_threshold_top_k_1_threshold_0.8396,e5,top_k_threshold,0.8396,1.0,426,426,426,0,1.0,0,271,0.636150234741784,0.6549295774647887,0.6455399061032864,0.6486697965571203,0.6455399061032864,0.6866096866096866,0.6584699453551912,0.6722454672245466,0.5063025210084033,0.823943661971831,0.176056338028169,78,38,0.48717948717948717,241,110,125,[],[],
e5_relative_margin_top_k_1_margin_0.003025,e5,relative_margin,,1.0,426,426,426,0,1.0,0,258,0.6056338028169014,0.6244131455399061,0.6150234741784038,0.6181533646322377,0.6150234741784038,0.7048710601719198,0.6721311475409836,0.6881118881118881,0.5245202558635395,0.8192488262910798,0.1807511737089202,78,20,0.2564102564102564,246,103,120,[],[],0.003025
e5_top_k_top_k_1,e5,top_k,,1.0,426,426,426,0,1.0,0,254,0.596244131455399,0.6173708920187794,0.6068075117370892,0.6103286384976527,0.6068075117370892,0.6173708920187794,0.7185792349726776,0.6641414141414143,0.497164461247637,1.0,0.0,78,0,0.0,263,163,103,[],[],
tfidf_relative_margin_top_k_1_margin_0.234,tfidf,relative_margin,,1.0,426,426,426,0,1.0,0,226,0.5305164319248826,0.5492957746478874,0.539906103286385,0.5430359937402189,0.539906103286385,0.7426160337552743,0.4808743169398907,0.5837479270315092,0.41217798594847777,0.5563380281690141,0.44366197183098594,78,58,0.7435897435897436,176,61,190,[],[],0.234
tfidf_top_k_threshold_top_k_1_threshold_0.1,tfidf,top_k_threshold,0.1,1.0,426,426,426,0,1.0,0,225,0.528169014084507,0.5492957746478874,0.5387323943661971,0.5422535211267604,0.5387323943661971,0.5822454308093995,0.6092896174863388,0.595460614152203,0.42395437262357416,0.8990610328638498,0.10093896713615023,78,11,0.14102564102564102,223,160,143,[],[],
tfidf_top_k_top_k_1,tfidf,top_k,,1.0,426,426,426,0,1.0,0,221,0.5187793427230047,0.5422535211267606,0.5305164319248826,0.5344287949921751,0.5305164319248826,0.5422535211267606,0.6311475409836066,0.5833333333333334,0.4117647058823529,1.0,0.0,78,0,0.0,231,195,135,[],[],
e5_threshold_threshold_0.8628,e5,threshold,0.8628,,426,426,426,0,1.0,0,151,0.3544600938967136,0.4465117800583195,0.6373239436619719,0.48564045204516443,0.44482946393938366,0.2620519159456119,0.5792349726775956,0.36085106382978727,0.2201453790238837,1.8990610328638498,0.4295774647887324,78,61,0.782051282051282,212,597,154,[],[],
tfidf_threshold_threshold_0.13,tfidf,threshold,0.13,,426,426,426,0,1.0,0,144,0.3380281690140845,0.4377990163201432,0.5539906103286385,0.46752738654147097,0.4305220210149789,0.37796610169491524,0.6092896174863388,0.46652719665271963,0.3042291950886767,1.3849765258215962,0.24882629107981222,78,18,0.23076923076923078,223,367,143,[],[],
sentence_bert_relative_margin_top_k_1_margin_0.02545,sentence_bert,relative_margin,,1.0,426,426,426,0,1.0,0,159,0.3732394366197183,0.38028169014084506,0.3767605633802817,0.3779342723004695,0.3767605633802817,0.47601476014760147,0.3524590163934426,0.4050235478806907,0.25393700787401574,0.636150234741784,0.36384976525821594,78,33,0.4230769230769231,129,142,237,[],[],0.02545
sentence_bert_top_k_threshold_top_k_1_threshold_0.646,sentence_bert,top_k_threshold,0.646,1.0,426,426,426,0,1.0,0,159,0.3732394366197183,0.3779342723004695,0.3755868544600939,0.3763693270735525,0.3755868544600939,0.43223443223443225,0.3224043715846995,0.3693270735524257,0.22648752399232247,0.6408450704225352,0.3591549295774648,78,43,0.5512820512820513,118,155,248,[],[],
sentence_bert_top_k_top_k_1,sentence_bert,top_k,,1.0,426,426,426,0,1.0,0,147,0.34507042253521125,0.352112676056338,0.3485915492957746,0.34976525821596244,0.3485915492957746,0.352112676056338,0.4098360655737705,0.3787878787878788,0.2336448598130841,1.0,0.0,78,0,0.0,150,276,216,[],[],
sentence_bert_threshold_threshold_0.71,sentence_bert,threshold,0.71,,426,426,426,0,1.0,0,120,0.28169014084507044,0.3266206928178759,0.4119718309859155,0.34662966141839374,0.3265033219258572,0.23972602739726026,0.28688524590163933,0.26119402985074625,0.15021459227467812,1.028169014084507,0.6267605633802817,78,71,0.9102564102564102,105,333,261,[],[],
