experiment,representation,method,top_k,threshold,margin,total_gold_questions,submitted_prediction_count,evaluated_question_count,unanswered_question_count,answer_coverage,unknown_prediction_count,exact_match_count,exact_match_rate,mean_question_precision,mean_question_recall,mean_question_f1,mean_question_jaccard,micro_precision,micro_recall,micro_f1,micro_jaccard,average_selected_chunks,empty_selection_rate,zero_gold_question_count,correct_abstention_count,zero_gold_abstention_rate,total_tp,total_fp,total_fn,unanswered_question_ids,unknown_prediction_question_ids
e5_relative_margin_1_0.0025,e5,relative_margin,1.0,,0.0025,426,426,426,0,1.0,0,255,0.5985915492957746,0.6173708920187794,0.607981220657277,0.6111111111111109,0.607981220657277,0.6842105263157895,0.674863387978142,0.6795048143053645,0.5145833333333333,0.8474178403755869,0.15258215962441316,78,16,0.20512820512820512,247,114,119,[],[]
e5_relative_margin_1_0.005,e5,relative_margin,1.0,,0.005,426,426,426,0,1.0,0,255,0.5985915492957746,0.6173708920187794,0.607981220657277,0.6111111111111109,0.607981220657277,0.7341772151898734,0.6338797814207651,0.6803519061583577,0.5155555555555555,0.7417840375586855,0.25821596244131456,78,31,0.3974358974358974,232,84,134,[],[]
e5_relative_margin_1_0.0,e5,relative_margin,1.0,,0.0,426,426,426,0,1.0,0,254,0.596244131455399,0.6173708920187794,0.6068075117370892,0.6103286384976527,0.6068075117370892,0.6173708920187794,0.7185792349726776,0.6641414141414143,0.497164461247637,1.0,0.0,78,0,0.0,263,163,103,[],[]
e5_relative_margin_1_0.00125,e5,relative_margin,1.0,,0.00125,426,426,426,0,1.0,0,254,0.596244131455399,0.6173708920187794,0.6068075117370892,0.6103286384976524,0.6068075117370892,0.6464646464646465,0.6994535519125683,0.6719160104986877,0.5059288537549407,0.9295774647887324,0.07042253521126761,78,7,0.08974358974358974,256,140,110,[],[]
e5_relative_margin_1_0.01,e5,relative_margin,1.0,,0.01,426,426,426,0,1.0,0,240,0.5633802816901409,0.5821596244131455,0.5727699530516432,0.5758998435054772,0.5727699530516432,0.7837837837837838,0.5546448087431693,0.6496,0.48104265402843605,0.607981220657277,0.392018779342723,78,45,0.5769230769230769,203,56,163,[],[]
e5_relative_margin_2_0.0,e5,relative_margin,2.0,,0.0,426,426,426,0,1.0,0,0,0.0,0.35093896713615025,0.687793427230047,0.46322378716744783,0.34624413145539934,0.35093896713615025,0.8169398907103825,0.4909688013136288,0.3253536452665941,2.0,0.0,78,0,0.0,299,553,67,[],[]
e5_relative_margin_1_0.02,e5,relative_margin,1.0,,0.02,426,426,426,0,1.0,0,193,0.45305164319248825,0.4647887323943662,0.45892018779342725,0.46087636932707343,0.45892018779342725,0.869281045751634,0.3633879781420765,0.51252408477842,0.344559585492228,0.3591549295774648,0.6408450704225352,78,65,0.8333333333333334,133,20,233,[],[]
e5_relative_margin_2_0.00125,e5,relative_margin,2.0,,0.00125,426,426,426,0,1.0,0,11,0.025821596244131457,0.3333333333333333,0.6302816901408451,0.4323161189358367,0.32981220657276994,0.36187845303867405,0.7158469945355191,0.4807339449541284,0.3164251207729469,1.699530516431925,0.15023474178403756,78,11,0.14102564102564102,262,462,104,[],[]
e5_relative_margin_2_0.0025,e5,relative_margin,2.0,,0.0025,426,426,426,0,1.0,0,27,0.06338028169014084,0.33215962441314556,0.5915492957746479,0.41862284820031315,0.32902973395931134,0.37540983606557377,0.6256830601092896,0.4692622950819672,0.30655957161981257,1.431924882629108,0.284037558685446,78,27,0.34615384615384615,229,381,137,[],[]
e5_relative_margin_2_0.005,e5,relative_margin,2.0,,0.005,426,426,426,0,1.0,0,41,0.09624413145539906,0.3075117370892019,0.5093896713615024,0.37480438184663595,0.30438184663536766,0.38626609442060084,0.4918032786885246,0.4326923076923077,0.27607361963190186,1.0938967136150235,0.45305164319248825,78,41,0.5256410256410257,180,286,186,[],[]
e5_relative_margin_3_0.0,e5,relative_margin,3.0,,0.0,426,426,426,0,1.0,0,0,0.0,0.24256651017214306,0.7136150234741784,0.3610328638497654,0.2402190923317676,0.24256651017214398,0.8469945355191257,0.3771289537712896,0.23238380809595202,3.0,0.0,78,0,0.0,310,968,56,[],[]
e5_relative_margin_3_0.00125,e5,relative_margin,3.0,,0.00125,426,426,426,0,1.0,0,26,0.06103286384976526,0.2496087636932706,0.613849765258216,0.3413145539906105,0.24745696400625977,0.25341745531019977,0.6584699453551912,0.3659832953682612,0.22397769516728624,2.232394366197183,0.25586854460093894,78,26,0.3333333333333333,241,710,125,[],[]
e5_relative_margin_3_0.0025,e5,relative_margin,3.0,,0.0025,426,426,426,0,1.0,0,35,0.08215962441314555,0.23943661971831015,0.5434272300469484,0.3159624413145541,0.23767605633802857,0.25769230769230766,0.5491803278688525,0.3507853403141361,0.2126984126984127,1.8309859154929577,0.38967136150234744,78,35,0.44871794871794873,201,579,165,[],[]
e5_relative_margin_2_0.01,e5,relative_margin,2.0,,0.01,426,426,426,0,1.0,0,55,0.12910798122065728,0.25586854460093894,0.37910798122065725,0.2969483568075116,0.2546948356807512,0.40298507462686567,0.29508196721311475,0.3406940063091483,0.20532319391634982,0.6291079812206573,0.6854460093896714,78,55,0.7051282051282052,108,160,258,[],[]
e5_relative_margin_1_0.04,e5,relative_margin,1.0,,0.04,426,426,426,0,1.0,0,116,0.27230046948356806,0.2746478873239437,0.2734741784037559,0.27386541471048514,0.2734741784037559,0.975,0.10655737704918032,0.1921182266009852,0.10626702997275204,0.09389671361502347,0.9061032863849765,78,78,1.0,39,1,327,[],[]
e5_relative_margin_3_0.005,e5,relative_margin,3.0,,0.005,426,426,426,0,1.0,0,52,0.12206572769953052,0.22065727699530524,0.4107981220657277,0.2685446009389671,0.21948356807511737,0.26582278481012656,0.3442622950819672,0.29999999999999993,0.17647058823529413,1.1126760563380282,0.6291079812206573,78,52,0.6666666666666666,126,348,240,[],[]
e5_relative_margin_2_0.02,e5,relative_margin,2.0,,0.02,426,426,426,0,1.0,0,72,0.16901408450704225,0.22065727699530516,0.27230046948356806,0.23787167449139282,0.22065727699530516,0.44,0.12021857923497267,0.1888412017167382,0.10426540284360189,0.2347417840375587,0.8826291079812206,78,72,0.9230769230769231,44,56,322,[],[]
e5_relative_margin_1_0.06,e5,relative_margin,1.0,,0.06,426,426,426,0,1.0,0,87,0.20422535211267606,0.20422535211267606,0.20422535211267606,0.20422535211267606,0.20422535211267606,1.0,0.02459016393442623,0.048,0.02459016393442623,0.02112676056338028,0.9788732394366197,78,78,1.0,9,0,357,[],[]
e5_relative_margin_3_0.01,e5,relative_margin,3.0,,0.01,426,426,426,0,1.0,0,65,0.15258215962441316,0.18701095461658843,0.25586854460093894,0.20422535211267606,0.18701095461658843,0.24858757062146894,0.12021857923497267,0.16206261510128914,0.08817635270541083,0.4154929577464789,0.8615023474178404,78,65,0.8333333333333334,44,133,322,[],[]
e5_relative_margin_2_0.04,e5,relative_margin,2.0,,0.04,426,426,426,0,1.0,0,78,0.18309859154929578,0.18779342723004694,0.19248826291079812,0.189358372456964,0.18779342723004694,0.5,0.01092896174863388,0.0213903743315508,0.010810810810810811,0.018779342723004695,0.9906103286384976,78,78,1.0,4,4,362,[],[]
e5_relative_margin_1_0.08,e5,relative_margin,1.0,,0.08,426,426,426,0,1.0,0,80,0.18779342723004694,0.18779342723004694,0.18779342723004694,0.18779342723004694,0.18779342723004694,1.0,0.00546448087431694,0.010869565217391304,0.00546448087431694,0.004694835680751174,0.9953051643192489,78,78,1.0,2,0,364,[],[]
e5_relative_margin_3_0.04,e5,relative_margin,3.0,,0.04,426,426,426,0,1.0,0,78,0.18309859154929578,0.1838810641627543,0.18544600938967137,0.18427230046948356,0.1838810641627543,0.3333333333333333,0.00273224043715847,0.005420054200542005,0.002717391304347826,0.007042253521126761,0.9976525821596244,78,78,1.0,1,2,365,[],[]
e5_relative_margin_2_0.06,e5,relative_margin,2.0,,0.06,426,426,426,0,1.0,0,78,0.18309859154929578,0.18309859154929578,0.18309859154929578,0.18309859154929578,0.18309859154929578,0.0,0.0,0.0,0.0,0.0,1.0,78,78,1.0,0,0,366,[],[]
e5_relative_margin_2_0.08,e5,relative_margin,2.0,,0.08,426,426,426,0,1.0,0,78,0.18309859154929578,0.18309859154929578,0.18309859154929578,0.18309859154929578,0.18309859154929578,0.0,0.0,0.0,0.0,0.0,1.0,78,78,1.0,0,0,366,[],[]
e5_relative_margin_3_0.06,e5,relative_margin,3.0,,0.06,426,426,426,0,1.0,0,78,0.18309859154929578,0.18309859154929578,0.18309859154929578,0.18309859154929578,0.18309859154929578,0.0,0.0,0.0,0.0,0.0,1.0,78,78,1.0,0,0,366,[],[]
e5_relative_margin_3_0.08,e5,relative_margin,3.0,,0.08,426,426,426,0,1.0,0,78,0.18309859154929578,0.18309859154929578,0.18309859154929578,0.18309859154929578,0.18309859154929578,0.0,0.0,0.0,0.0,0.0,1.0,78,78,1.0,0,0,366,[],[]
e5_relative_margin_3_0.02,e5,relative_margin,3.0,,0.02,426,426,426,0,1.0,0,72,0.16901408450704225,0.17762128325508608,0.19483568075117372,0.18192488262910797,0.17762128325508608,0.2037037037037037,0.030054644808743168,0.052380952380952375,0.02689486552567237,0.1267605633802817,0.9577464788732394,78,72,0.9230769230769231,11,43,355,[],[]
e5_threshold_0.86,e5,threshold,,0.86,,426,426,426,0,1.0,0,143,0.33568075117370894,0.4309588527473615,0.6443661971830986,0.47310190300885085,0.4295895256738091,0.21975806451612903,0.5956284153005464,0.32106038291605304,0.1912280701754386,2.328638497652582,0.4014084507042254,78,58,0.7435897435897436,218,774,148,[],[]
e5_threshold_0.88,e5,threshold,,0.88,,426,426,426,0,1.0,0,152,0.3568075117370892,0.4016152470377822,0.4612676056338028,0.41710261569416496,0.40044153811759436,0.5307017543859649,0.33060109289617484,0.4074074074074074,0.2558139534883721,0.5352112676056338,0.6830985915492958,78,76,0.9743589743589743,121,107,245,[],[]
e5_threshold_0.84,e5,threshold,,0.84,,426,426,426,0,1.0,0,86,0.20187793427230047,0.31840596513106495,0.7664319248826291,0.3726066714510079,0.3126385471950472,0.0870712401055409,0.8114754098360656,0.1572676727561557,0.0853448275862069,8.007042253521126,0.18309859154929578,78,38,0.48717948717948717,297,3114,69,[],[]
e5_threshold_0.82,e5,threshold,,0.82,,426,426,426,0,1.0,0,34,0.07981220657276995,0.14640445564367033,0.7992957746478874,0.18671479647422545,0.14436186992084232,0.030693512304250558,0.9371584699453552,0.05944025647690841,0.030630469726736918,26.232394366197184,0.051643192488262914,78,11,0.14102564102564102,343,10832,23,[],[]
e5_threshold_0.8,e5,threshold,,0.8,,426,426,426,0,1.0,0,6,0.014084507042253521,0.04894128706109193,0.812206572769953,0.07248798867971565,0.04894128706109193,0.012823700756633867,0.9863387978142076,0.02531823123049409,0.012821423497655917,66.08215962441315,0.011737089201877934,78,3,0.038461538461538464,361,27790,5,[],[]
e5_top_k_1,e5,top_k,1.0,,,426,426,426,0,1.0,0,254,0.596244131455399,0.6173708920187794,0.6068075117370892,0.6103286384976527,0.6068075117370892,0.6173708920187794,0.7185792349726776,0.6641414141414143,0.497164461247637,1.0,0.0,78,0,0.0,263,163,103,[],[]
e5_top_k_2,e5,top_k,2.0,,,426,426,426,0,1.0,0,0,0.0,0.35093896713615025,0.687793427230047,0.46322378716744783,0.34624413145539934,0.35093896713615025,0.8169398907103825,0.4909688013136288,0.3253536452665941,2.0,0.0,78,0,0.0,299,553,67,[],[]
e5_top_k_3,e5,top_k,3.0,,,426,426,426,0,1.0,0,0,0.0,0.24256651017214306,0.7136150234741784,0.3610328638497654,0.2402190923317676,0.24256651017214398,0.8469945355191257,0.3771289537712896,0.23238380809595202,3.0,0.0,78,0,0.0,310,968,56,[],[]
e5_top_k_threshold_1_0.84,e5,top_k_threshold,1.0,0.84,,426,426,426,0,1.0,0,269,0.6314553990610329,0.6502347417840375,0.6408450704225352,0.6439749608763692,0.6408450704225352,0.6867816091954023,0.6530054644808743,0.669467787114846,0.5031578947368421,0.8169014084507042,0.18309859154929578,78,38,0.48717948717948717,239,109,127,[],[]
e5_top_k_threshold_1_0.82,e5,top_k_threshold,1.0,0.82,,426,426,426,0,1.0,0,261,0.6126760563380281,0.6338028169014085,0.6232394366197183,0.6267605633802815,0.6232394366197183,0.6410891089108911,0.7076502732240437,0.6727272727272726,0.5068493150684932,0.9483568075117371,0.051643192488262914,78,11,0.14102564102564102,259,145,107,[],[]
e5_top_k_threshold_1_0.83,e5,top_k_threshold,1.0,0.83,,426,426,426,0,1.0,0,261,0.6126760563380281,0.6338028169014085,0.6232394366197183,0.6267605633802815,0.6232394366197183,0.648578811369509,0.6857923497267759,0.6666666666666666,0.5,0.9084507042253521,0.09154929577464789,78,19,0.24358974358974358,251,136,115,[],[]
e5_top_k_threshold_1_0.85,e5,top_k_threshold,1.0,0.85,,426,426,426,0,1.0,0,252,0.5915492957746479,0.6056338028169014,0.5985915492957746,0.6009389671361501,0.5985915492957746,0.7046979865771812,0.5737704918032787,0.6325301204819277,0.46255506607929514,0.6995305164319249,0.3004694835680751,78,48,0.6153846153846154,210,88,156,[],[]
e5_top_k_threshold_1_0.86,e5,top_k_threshold,1.0,0.86,,426,426,426,0,1.0,0,247,0.57981220657277,0.5845070422535211,0.5821596244131455,0.582942097026604,0.5821596244131455,0.7490196078431373,0.5218579234972678,0.6151368760064413,0.4441860465116279,0.5985915492957746,0.4014084507042254,78,58,0.7435897435897436,191,64,175,[],[]
e5_top_k_threshold_2_0.84,e5,top_k_threshold,2.0,0.84,,426,426,426,0,1.0,0,86,0.20187793427230047,0.465962441314554,0.7089201877934272,0.5453834115805937,0.4589201877934273,0.42698412698412697,0.7349726775956285,0.5401606425702811,0.3700137551581843,1.4788732394366197,0.18309859154929578,78,38,0.48717948717948717,269,361,97,[],[]
e5_top_k_threshold_2_0.86,e5,top_k_threshold,2.0,0.86,,426,426,426,0,1.0,0,143,0.33568075117370894,0.4835680751173709,0.6255868544600939,0.5305164319248822,0.4816118935837245,0.5109489051094891,0.5737704918032787,0.5405405405405406,0.37037037037037035,0.9647887323943662,0.4014084507042254,78,58,0.7435897435897436,210,201,156,[],[]
e5_top_k_threshold_2_0.85,e5,top_k_threshold,2.0,0.85,,426,426,426,0,1.0,0,106,0.24882629107981222,0.45892018779342725,0.6502347417840375,0.5211267605633799,0.4526604068857591,0.45330739299610895,0.6366120218579235,0.5295454545454545,0.3601236476043277,1.2065727699530517,0.3004694835680751,78,48,0.6153846153846154,233,281,133,[],[]
e5_top_k_threshold_2_0.83,e5,top_k_threshold,2.0,0.83,,426,426,426,0,1.0,0,49,0.11502347417840375,0.41784037558685444,0.6995305164319249,0.5105633802816889,0.4107981220657279,0.39473684210526316,0.7786885245901639,0.5238970588235294,0.3549190535491905,1.6948356807511737,0.09154929577464789,78,19,0.24358974358974358,285,437,81,[],[]
e5_top_k_threshold_3_0.86,e5,top_k_threshold,3.0,0.86,,426,426,426,0,1.0,0,143,0.33568075117370894,0.4542253521126759,0.6349765258215962,0.5030516431924882,0.45266040688575887,0.41472868217054265,0.5846994535519126,0.4852607709750567,0.3203592814371258,1.2112676056338028,0.4014084507042254,78,58,0.7435897435897436,214,302,152,[],[]
e5_top_k_threshold_2_0.82,e5,top_k_threshold,2.0,0.82,,426,426,426,0,1.0,0,34,0.07981220657276995,0.39906103286384975,0.7018779342723005,0.4996087636932694,0.39358372456964025,0.3823146944083225,0.8032786885245902,0.5180616740088105,0.34958382877526756,1.8051643192488263,0.051643192488262914,78,11,0.14102564102564102,294,475,72,[],[]
e5_top_k_threshold_3_0.84,e5,top_k_threshold,3.0,0.84,,426,426,426,0,1.0,0,86,0.20187793427230047,0.3998435054773075,0.7253521126760564,0.48262910798122066,0.3935837245696392,0.3176064441887227,0.7540983606557377,0.44696356275303645,0.28779979144942647,2.039906103286385,0.18309859154929578,78,38,0.48717948717948717,276,593,90,[],[]
e5_top_k_threshold_3_0.85,e5,top_k_threshold,3.0,0.85,,426,426,426,0,1.0,0,106,0.24882629107981222,0.4123630672926442,0.6643192488262911,0.4773865414710486,0.4066901408450699,0.34890510948905107,0.6530054644808743,0.4548049476688867,0.29433497536945813,1.607981220657277,0.3004694835680751,78,48,0.6153846153846154,239,446,127,[],[]
e5_top_k_threshold_3_0.83,e5,top_k_threshold,3.0,0.83,,426,426,426,0,1.0,0,49,0.11502347417840375,0.3368544600938958,0.715962441314554,0.43341158059467916,0.33118153364632147,0.2871189773844641,0.7978142076502732,0.42227042660882147,0.2676443629697525,2.387323943661972,0.09154929577464789,78,19,0.24358974358974358,292,725,74,[],[]
e5_top_k_threshold_3_0.82,e5,top_k_threshold,3.0,0.82,,426,426,426,0,1.0,0,34,0.07981220657276995,0.3035993740219081,0.7206572769953051,0.4088419405320815,0.3000782472613448,0.27060931899641577,0.825136612021858,0.40755735492577594,0.2559322033898305,2.619718309859155,0.051643192488262914,78,11,0.14102564102564102,302,814,64,[],[]
sentence_bert_relative_margin_1_0.005,sentence_bert,relative_margin,1.0,,0.005,426,426,426,0,1.0,0,159,0.3732394366197183,0.38028169014084506,0.3767605633802817,0.3779342723004695,0.3767605633802817,0.3877551020408163,0.41530054644808745,0.4010554089709763,0.2508250825082508,0.92018779342723,0.07981220657276995,78,10,0.1282051282051282,152,240,214,[],[]
sentence_bert_relative_margin_1_0.01,sentence_bert,relative_margin,1.0,,0.01,426,426,426,0,1.0,0,157,0.3685446009389671,0.3755868544600939,0.3720657276995305,0.3732394366197183,0.3720657276995305,0.40502793296089384,0.39617486338797814,0.4005524861878453,0.2504317789291883,0.8403755868544601,0.1596244131455399,78,15,0.19230769230769232,145,213,221,[],[]
sentence_bert_relative_margin_1_0.0025,sentence_bert,relative_margin,1.0,,0.0025,426,426,426,0,1.0,0,156,0.36619718309859156,0.3732394366197183,0.36971830985915494,0.37089201877934275,0.36971830985915494,0.3722627737226277,0.4180327868852459,0.3938223938223938,0.24519230769230768,0.9647887323943662,0.035211267605633804,78,6,0.07692307692307693,153,258,213,[],[]
sentence_bert_relative_margin_1_0.02,sentence_bert,relative_margin,1.0,,0.02,426,426,426,0,1.0,0,156,0.36619718309859156,0.3732394366197183,0.36971830985915494,0.37089201877934275,0.36971830985915494,0.45,0.36885245901639346,0.40540540540540543,0.2542372881355932,0.704225352112676,0.29577464788732394,78,24,0.3076923076923077,135,165,231,[],[]
sentence_bert_relative_margin_1_0.00125,sentence_bert,relative_margin,1.0,,0.00125,426,426,426,0,1.0,0,153,0.3591549295774648,0.36619718309859156,0.3626760563380282,0.36384976525821594,0.3626760563380282,0.36666666666666664,0.4207650273224044,0.39185750636132316,0.24367088607594936,0.9859154929577465,0.014084507042253521,78,2,0.02564102564102564,154,266,212,[],[]
sentence_bert_relative_margin_1_0.0,sentence_bert,relative_margin,1.0,,0.0,426,426,426,0,1.0,0,151,0.3544600938967136,0.3615023474178404,0.357981220657277,0.3591549295774648,0.357981220657277,0.3615023474178404,0.4207650273224044,0.3888888888888889,0.2413793103448276,1.0,0.0,78,0,0.0,154,272,212,[],[]
sentence_bert_relative_margin_1_0.04,sentence_bert,relative_margin,1.0,,0.04,426,426,426,0,1.0,0,148,0.3474178403755869,0.352112676056338,0.34976525821596244,0.3505477308294209,0.34976525821596244,0.5045871559633027,0.3005464480874317,0.3767123287671233,0.2320675105485232,0.5117370892018779,0.48826291079812206,78,40,0.5128205128205128,110,108,256,[],[]
sentence_bert_relative_margin_1_0.06,sentence_bert,relative_margin,1.0,,0.06,426,426,426,0,1.0,0,145,0.3403755868544601,0.34507042253521125,0.3427230046948357,0.34350547730829417,0.3427230046948357,0.6158940397350994,0.2540983606557377,0.35976789168278533,0.21933962264150944,0.3544600938967136,0.6455399061032864,78,54,0.6923076923076923,93,58,273,[],[]
sentence_bert_relative_margin_1_0.08,sentence_bert,relative_margin,1.0,,0.08,426,426,426,0,1.0,0,140,0.3286384976525822,0.33098591549295775,0.32981220657276994,0.3302034428794992,0.32981220657276994,0.6982758620689655,0.22131147540983606,0.33609958506224064,0.20199501246882792,0.27230046948356806,0.7276995305164319,78,60,0.7692307692307693,81,35,285,[],[]
sentence_bert_relative_margin_2_0.00125,sentence_bert,relative_margin,2.0,,0.00125,426,426,426,0,1.0,0,6,0.014084507042253521,0.25,0.4812206572769953,0.3270735524256659,0.24843505477308292,0.25251256281407036,0.5491803278688525,0.34595524956970747,0.20915712799167535,1.8685446009389672,0.06572769953051644,78,6,0.07692307692307693,201,595,165,[],[]
sentence_bert_relative_margin_2_0.005,sentence_bert,relative_margin,2.0,,0.005,426,426,426,0,1.0,0,18,0.04225352112676056,0.2546948356807512,0.4624413145539906,0.32394366197183166,0.2531298904538341,0.2615606936416185,0.49453551912568305,0.34215500945179583,0.2063854047890536,1.624413145539906,0.18779342723004694,78,18,0.23076923076923078,181,511,185,[],[]
sentence_bert_relative_margin_2_0.0,sentence_bert,relative_margin,2.0,,0.0,426,426,426,0,1.0,0,0,0.0,0.24413145539906103,0.4835680751173709,0.3239436619718315,0.24256651017214395,0.24413145539906103,0.5683060109289617,0.3415435139573071,0.20594059405940593,2.0,0.0,78,0,0.0,208,644,158,[],[]
sentence_bert_relative_margin_2_0.0025,sentence_bert,relative_margin,2.0,,0.0025,426,426,426,0,1.0,0,7,0.01643192488262911,0.24647887323943662,0.47183098591549294,0.32159624413145627,0.24491392801251954,0.2545454545454545,0.5355191256830601,0.34507042253521125,0.20851063829787234,1.807511737089202,0.09624413145539906,78,7,0.08974358974358974,196,574,170,[],[]
sentence_bert_relative_margin_2_0.01,sentence_bert,relative_margin,2.0,,0.01,426,426,426,0,1.0,0,27,0.06338028169014084,0.2476525821596244,0.4272300469483568,0.30751173708920226,0.24608763693270735,0.2706896551724138,0.42896174863387976,0.33192389006342493,0.19898605830164764,1.3615023474178405,0.3192488262910798,78,27,0.34615384615384615,157,423,209,[],[]
sentence_bert_relative_margin_3_0.005,sentence_bert,relative_margin,3.0,,0.005,426,426,426,0,1.0,0,26,0.06103286384976526,0.21361502347417877,0.5140845070422535,0.2889671361502348,0.2128325508607203,0.19637462235649547,0.5327868852459017,0.2869757174392936,0.16752577319587628,2.3309859154929575,0.22300469483568075,78,26,0.3333333333333333,195,798,171,[],[]
sentence_bert_relative_margin_3_0.0025,sentence_bert,relative_margin,3.0,,0.0025,426,426,426,0,1.0,0,16,0.03755868544600939,0.20579029733959325,0.5352112676056338,0.2884976525821597,0.20461658841940555,0.19111111111111112,0.587431693989071,0.2883970489604292,0.16849529780564262,2.640845070422535,0.11971830985915492,78,16,0.20512820512820512,215,910,151,[],[]
sentence_bert_relative_margin_2_0.02,sentence_bert,relative_margin,2.0,,0.02,426,426,426,0,1.0,0,40,0.09389671361502347,0.2335680751173709,0.37089201877934275,0.2793427230046948,0.23278560250391236,0.27546296296296297,0.3251366120218579,0.2982456140350877,0.17525773195876287,1.0140845070422535,0.49295774647887325,78,40,0.5128205128205128,119,313,247,[],[]
sentence_bert_relative_margin_3_0.00125,sentence_bert,relative_margin,3.0,,0.00125,426,426,426,0,1.0,0,7,0.01643192488262911,0.18857589984350556,0.5258215962441315,0.2732394366197184,0.18740219092331784,0.18333333333333332,0.6010928961748634,0.28097062579821197,0.16344725111441308,2.816901408450704,0.06103286384976526,78,7,0.08974358974358974,220,980,146,[],[]
sentence_bert_relative_margin_3_0.01,sentence_bert,relative_margin,3.0,,0.01,426,426,426,0,1.0,0,34,0.07981220657276995,0.20735524256651042,0.45892018779342725,0.27042253521126763,0.20676838810641654,0.2050314465408805,0.4453551912568306,0.28079242032730406,0.16332665330661322,1.8661971830985915,0.3779342723004695,78,34,0.4358974358974359,163,632,203,[],[]
sentence_bert_relative_margin_3_0.0,sentence_bert,relative_margin,3.0,,0.0,426,426,426,0,1.0,0,0,0.0,0.1784037558685446,0.528169014084507,0.26619718309859164,0.17723004694835687,0.1784037558685446,0.6229508196721312,0.2773722627737226,0.16101694915254236,3.0,0.0,78,0,0.0,228,1050,138,[],[]
sentence_bert_relative_margin_3_0.02,sentence_bert,relative_margin,3.0,,0.02,426,426,426,0,1.0,0,47,0.11032863849765258,0.19953051643192488,0.3767605633802817,0.2438967136150235,0.19933489827856024,0.21714285714285714,0.3114754098360656,0.2558922558922559,0.14671814671814673,1.232394366197183,0.5892018779342723,78,47,0.6025641025641025,114,411,252,[],[]
sentence_bert_relative_margin_2_0.04,sentence_bert,relative_margin,2.0,,0.04,426,426,426,0,1.0,0,57,0.13380281690140844,0.2147887323943662,0.2934272300469484,0.24100156494522687,0.21400625978090768,0.3026315789473684,0.1885245901639344,0.23232323232323232,0.13142857142857142,0.5352112676056338,0.7323943661971831,78,57,0.7307692307692307,69,159,297,[],[]
sentence_bert_relative_margin_2_0.06,sentence_bert,relative_margin,2.0,,0.06,426,426,426,0,1.0,0,67,0.1572769953051643,0.20305164319248825,0.24647887323943662,0.21752738654147105,0.2022691705790297,0.31451612903225806,0.10655737704918032,0.15918367346938775,0.08647450110864745,0.29107981220657275,0.8544600938967136,78,67,0.8589743589743589,39,85,327,[],[]
sentence_bert_relative_margin_2_0.08,sentence_bert,relative_margin,2.0,,0.08,426,426,426,0,1.0,0,71,0.16666666666666666,0.19953051643192488,0.2300469483568075,0.20970266040688576,0.19874804381846636,0.3333333333333333,0.07650273224043716,0.12444444444444443,0.06635071090047394,0.19718309859154928,0.9014084507042254,78,71,0.9102564102564102,28,56,338,[],[]
sentence_bert_relative_margin_3_0.04,sentence_bert,relative_margin,3.0,,0.04,426,426,426,0,1.0,0,58,0.13615023474178403,0.1838810641627543,0.27816901408450706,0.2075117370892019,0.18368544600938966,0.2210144927536232,0.16666666666666666,0.19003115264797507,0.10499139414802065,0.647887323943662,0.784037558685446,78,58,0.7435897435897436,61,215,305,[],[]
sentence_bert_relative_margin_3_0.06,sentence_bert,relative_margin,3.0,,0.06,426,426,426,0,1.0,0,67,0.1572769953051643,0.17683881064162754,0.2147887323943662,0.18638497652582162,0.1766431924882629,0.1984126984126984,0.06830601092896176,0.10162601626016261,0.05353319057815846,0.29577464788732394,0.9014084507042254,78,67,0.8589743589743589,25,101,341,[],[]
sentence_bert_relative_margin_3_0.08,sentence_bert,relative_margin,3.0,,0.08,426,426,426,0,1.0,0,71,0.16666666666666666,0.1791862284820031,0.20422535211267606,0.18544600938967137,0.1791862284820031,0.19753086419753085,0.04371584699453552,0.07158836689038031,0.037122969837587005,0.19014084507042253,0.9366197183098591,78,71,0.9102564102564102,16,65,350,[],[]
sentence_bert_threshold_0.7,sentence_bert,threshold,,0.7,,426,426,426,0,1.0,0,112,0.26291079812206575,0.3221699140713225,0.4413145539906103,0.34712102581820886,0.32094031425017333,0.21490467937608318,0.33879781420765026,0.26299045599151644,0.1514041514041514,1.3544600938967135,0.5704225352112676,78,65,0.8333333333333334,124,453,242,[],[]
sentence_bert_threshold_0.75,sentence_bert,threshold,,0.75,,426,426,426,0,1.0,0,127,0.2981220657276995,0.3165194872941352,0.3427230046948357,0.32359154929577466,0.3165194872941352,0.42424242424242425,0.1912568306010929,0.26365348399246696,0.15184381778741865,0.3873239436619718,0.7652582159624414,78,76,0.9743589743589743,70,95,296,[],[]
sentence_bert_threshold_0.65,sentence_bert,threshold,,0.65,,426,426,426,0,1.0,0,81,0.19014084507042253,0.2643257302469958,0.528169014084507,0.3026762341398607,0.2627607850200787,0.1127633209417596,0.4972677595628415,0.18383838383838386,0.10122358175750834,3.788732394366197,0.37089201877934275,78,45,0.5769230769230769,182,1432,184,[],[]
sentence_bert_threshold_0.6,sentence_bert,threshold,,0.6,,426,426,426,0,1.0,0,49,0.11502347417840375,0.18918960351914477,0.6032863849765259,0.2323517582130076,0.18832888364434036,0.06022227965882657,0.6366120218579235,0.11003541912632823,0.05822088955522239,9.082159624413146,0.20657276995305165,78,27,0.34615384615384615,233,3636,133,[],[]
sentence_bert_threshold_0.55,sentence_bert,threshold,,0.55,,426,426,426,0,1.0,0,32,0.07511737089201878,0.1368914083437554,0.6924882629107981,0.17599435283865075,0.1363759357678259,0.036479879654005266,0.7950819672131147,0.06975907946781733,0.03614008941877794,18.725352112676056,0.08215962441314555,78,12,0.15384615384615385,291,7686,75,[],[]
sentence_bert_top_k_1,sentence_bert,top_k,1.0,,,426,426,426,0,1.0,0,151,0.3544600938967136,0.3615023474178404,0.357981220657277,0.3591549295774648,0.357981220657277,0.3615023474178404,0.4207650273224044,0.3888888888888889,0.2413793103448276,1.0,0.0,78,0,0.0,154,272,212,[],[]
sentence_bert_top_k_2,sentence_bert,top_k,2.0,,,426,426,426,0,1.0,0,0,0.0,0.24413145539906103,0.4835680751173709,0.3239436619718315,0.24256651017214395,0.24413145539906103,0.5683060109289617,0.3415435139573071,0.20594059405940593,2.0,0.0,78,0,0.0,208,644,158,[],[]
sentence_bert_top_k_3,sentence_bert,top_k,3.0,,,426,426,426,0,1.0,0,0,0.0,0.1784037558685446,0.528169014084507,0.26619718309859164,0.17723004694835687,0.1784037558685446,0.6229508196721312,0.2773722627737226,0.16101694915254236,3.0,0.0,78,0,0.0,228,1050,138,[],[]
sentence_bert_top_k_threshold_1_0.65,sentence_bert,top_k_threshold,1.0,0.65,,426,426,426,0,1.0,0,163,0.3826291079812207,0.3873239436619718,0.38497652582159625,0.38575899843505473,0.38497652582159625,0.44776119402985076,0.32786885245901637,0.3785488958990536,0.23346303501945526,0.6291079812206573,0.37089201877934275,78,45,0.5769230769230769,120,148,246,[],[]
sentence_bert_top_k_threshold_1_0.7,sentence_bert,top_k_threshold,1.0,0.7,,426,426,426,0,1.0,0,160,0.3755868544600939,0.3779342723004695,0.3767605633802817,0.37715179968701096,0.3767605633802817,0.5245901639344263,0.26229508196721313,0.3497267759562842,0.2119205298013245,0.4295774647887324,0.5704225352112676,78,65,0.8333333333333334,96,87,270,[],[]
sentence_bert_top_k_threshold_1_0.55,sentence_bert,top_k_threshold,1.0,0.55,,426,426,426,0,1.0,0,157,0.3685446009389671,0.3755868544600939,0.3720657276995305,0.3732394366197183,0.3720657276995305,0.37851662404092073,0.40437158469945356,0.3910171730515191,0.24302134646962234,0.9178403755868545,0.08215962441314555,78,12,0.15384615384615385,148,243,218,[],[]
sentence_bert_top_k_threshold_1_0.6,sentence_bert,top_k_threshold,1.0,0.6,,426,426,426,0,1.0,0,157,0.3685446009389671,0.3755868544600939,0.3720657276995305,0.3732394366197183,0.3720657276995305,0.39349112426035504,0.3633879781420765,0.3778409090909091,0.2329246935201401,0.7934272300469484,0.20657276995305165,78,27,0.34615384615384615,133,205,233,[],[]
sentence_bert_top_k_threshold_2_0.65,sentence_bert,top_k_threshold,2.0,0.65,,426,426,426,0,1.0,0,81,0.19014084507042253,0.32629107981220656,0.45774647887323944,0.3697183098591553,0.3247261345852895,0.3233404710920771,0.412568306010929,0.3625450180072029,0.22140762463343108,1.096244131455399,0.37089201877934275,78,45,0.5769230769230769,151,316,215,[],[]
sentence_bert_top_k_threshold_2_0.7,sentence_bert,top_k_threshold,2.0,0.7,,426,426,426,0,1.0,0,112,0.26291079812206575,0.3415492957746479,0.4166666666666667,0.36619718309859167,0.3403755868544601,0.3896551724137931,0.3087431693989071,0.34451219512195125,0.20810313075506445,0.6807511737089202,0.5704225352112676,78,65,0.8333333333333334,113,177,253,[],[]
sentence_bert_top_k_threshold_3_0.7,sentence_bert,top_k_threshold,3.0,0.7,,426,426,426,0,1.0,0,112,0.26291079812206575,0.3309859154929577,0.4295774647887324,0.35774647887323946,0.3296165884194052,0.33055555555555555,0.3251366120218579,0.3278236914600551,0.19604612850082373,0.8450704225352113,0.5704225352112676,78,65,0.8333333333333334,119,241,247,[],[]
sentence_bert_top_k_threshold_2_0.6,sentence_bert,top_k_threshold,2.0,0.6,,426,426,426,0,1.0,0,49,0.11502347417840375,0.29577464788732394,0.47300469483568075,0.3548513302034435,0.29460093896713613,0.2829581993569132,0.4808743169398907,0.35627530364372473,0.21674876847290642,1.460093896713615,0.20657276995305165,78,27,0.34615384615384615,176,446,190,[],[]
sentence_bert_top_k_threshold_2_0.55,sentence_bert,top_k_threshold,2.0,0.55,,426,426,426,0,1.0,0,32,0.07511737089201878,0.2852112676056338,0.49061032863849763,0.3536776212832556,0.28364632237871673,0.2667560321715818,0.5437158469945356,0.3579136690647482,0.21796276013143484,1.7511737089201878,0.08215962441314555,78,12,0.15384615384615385,199,547,167,[],[]
sentence_bert_top_k_threshold_3_0.65,sentence_bert,top_k_threshold,3.0,0.65,,426,426,426,0,1.0,0,81,0.19014084507042253,0.2965571205007824,0.4800469483568075,0.3436619718309859,0.2947965571205008,0.25434439178515006,0.43989071038251365,0.32232232232232233,0.19212410501193317,1.4859154929577465,0.37089201877934275,78,45,0.5769230769230769,161,472,205,[],[]
sentence_bert_top_k_threshold_1_0.75,sentence_bert,top_k_threshold,1.0,0.75,,426,426,426,0,1.0,0,140,0.3286384976525822,0.3286384976525822,0.3286384976525822,0.3286384976525822,0.3286384976525822,0.64,0.17486338797814208,0.27467811158798283,0.15920398009950248,0.2347417840375587,0.7652582159624414,78,76,0.9743589743589743,64,36,302,[],[]
sentence_bert_top_k_threshold_2_0.75,sentence_bert,top_k_threshold,2.0,0.75,,426,426,426,0,1.0,0,127,0.2981220657276995,0.3192488262910798,0.3403755868544601,0.32629107981220656,0.3192488262910798,0.5433070866141733,0.1885245901639344,0.2799188640973631,0.16273584905660377,0.2981220657276995,0.7652582159624414,78,76,0.9743589743589743,69,58,297,[],[]
sentence_bert_top_k_threshold_3_0.75,sentence_bert,top_k_threshold,3.0,0.75,,426,426,426,0,1.0,0,127,0.2981220657276995,0.31690140845070425,0.3403755868544601,0.323943661971831,0.31690140845070425,0.49640287769784175,0.1885245901639344,0.2732673267326733,0.15825688073394495,0.32629107981220656,0.7652582159624414,78,76,0.9743589743589743,69,70,297,[],[]
sentence_bert_top_k_threshold_3_0.6,sentence_bert,top_k_threshold,3.0,0.6,,426,426,426,0,1.0,0,49,0.11502347417840375,0.2539123630672926,0.505868544600939,0.3187010954616589,0.25273865414710484,0.21878579610538373,0.5218579234972678,0.3083131557707829,0.18225190839694658,2.0492957746478875,0.20657276995305165,78,27,0.34615384615384615,191,682,175,[],[]
sentence_bert_top_k_threshold_3_0.55,sentence_bert,top_k_threshold,3.0,0.55,,426,426,426,0,1.0,0,32,0.07511737089201878,0.23474178403755838,0.5305164319248826,0.31025039123630677,0.23337245696400596,0.20204841713221602,0.592896174863388,0.30138888888888893,0.17743254292722813,2.5211267605633805,0.08215962441314555,78,12,0.15384615384615385,217,857,149,[],[]
tfidf_relative_margin_1_0.25,tfidf,relative_margin,1.0,,0.25,426,426,426,0,1.0,0,224,0.5258215962441315,0.5422535211267606,0.534037558685446,0.5367762128325507,0.534037558685446,0.7510917030567685,0.46994535519125685,0.5781512605042016,0.4066193853427896,0.5375586854460094,0.4624413145539906,78,59,0.7564102564102564,172,57,194,[],[]
tfidf_relative_margin_1_0.0,tfidf,relative_margin,1.0,,0.0,426,426,426,0,1.0,0,221,0.5187793427230047,0.5422535211267606,0.5305164319248826,0.5344287949921751,0.5305164319248826,0.5422535211267606,0.6311475409836066,0.5833333333333334,0.4117647058823529,1.0,0.0,78,0,0.0,231,195,135,[],[]
tfidf_relative_margin_1_0.15,tfidf,relative_margin,1.0,,0.15,426,426,426,0,1.0,0,222,0.5211267605633803,0.539906103286385,0.5305164319248826,0.5336463223787167,0.5305164319248826,0.6375404530744336,0.5382513661202186,0.5837037037037036,0.4121338912133891,0.7253521126760564,0.2746478873239437,78,33,0.4230769230769231,197,112,169,[],[]
tfidf_relative_margin_1_0.05,tfidf,relative_margin,1.0,,0.05,426,426,426,0,1.0,0,221,0.5187793427230047,0.539906103286385,0.5293427230046949,0.5328638497652581,0.5293427230046949,0.5763157894736842,0.5983606557377049,0.5871313672922253,0.4155597722960152,0.892018779342723,0.107981220657277,78,11,0.14102564102564102,219,161,147,[],[]
tfidf_relative_margin_1_0.3,tfidf,relative_margin,1.0,,0.3,426,426,426,0,1.0,0,217,0.5093896713615024,0.5258215962441315,0.5176056338028169,0.5203442879499217,0.5176056338028169,0.7666666666666667,0.43989071038251365,0.5590277777777778,0.38795180722891565,0.49295774647887325,0.5070422535211268,78,63,0.8076923076923077,161,49,205,[],[]
tfidf_relative_margin_1_0.1,tfidf,relative_margin,1.0,,0.1,426,426,426,0,1.0,0,215,0.5046948356807511,0.5234741784037559,0.5140845070422535,0.5172143974960876,0.5140845070422535,0.5994152046783626,0.5601092896174863,0.5790960451977402,0.40755467196819084,0.8028169014084507,0.19718309859154928,78,18,0.23076923076923078,205,137,161,[],[]
tfidf_relative_margin_1_0.2,tfidf,relative_margin,1.0,,0.2,426,426,426,0,1.0,0,215,0.5046948356807511,0.5234741784037559,0.5140845070422535,0.5172143974960876,0.5140845070422535,0.6703296703296703,0.5,0.5727699530516432,0.40131578947368424,0.6408450704225352,0.3591549295774648,78,40,0.5128205128205128,183,90,183,[],[]
tfidf_relative_margin_1_0.35,tfidf,relative_margin,1.0,,0.35,426,426,426,0,1.0,0,205,0.4812206572769953,0.4953051643192488,0.48826291079812206,0.4906103286384976,0.48826291079812206,0.7849462365591398,0.3989071038251366,0.5289855072463768,0.35960591133004927,0.43661971830985913,0.5633802816901409,78,65,0.8333333333333334,146,40,220,[],[]
tfidf_relative_margin_1_0.4,tfidf,relative_margin,1.0,,0.4,426,426,426,0,1.0,0,192,0.4507042253521127,0.4647887323943662,0.45774647887323944,0.460093896713615,0.45774647887323944,0.8227848101265823,0.3551912568306011,0.4961832061068702,0.3299492385786802,0.37089201877934275,0.6291079812206573,78,68,0.8717948717948718,130,28,236,[],[]
tfidf_relative_margin_2_0.0,tfidf,relative_margin,2.0,,0.0,426,426,426,0,1.0,0,4,0.009389671361502348,0.30985915492957744,0.602112676056338,0.40727699530516387,0.3071205007824727,0.30985915492957744,0.7213114754098361,0.4334975369458128,0.27672955974842767,2.0,0.0,78,0,0.0,264,588,102,[],[]
tfidf_relative_margin_2_0.05,tfidf,relative_margin,2.0,,0.05,426,426,426,0,1.0,0,24,0.056338028169014086,0.3039906103286385,0.545774647887324,0.38458528951486753,0.30203442879499215,0.3258258258258258,0.592896174863388,0.4205426356589147,0.26625766871165646,1.5633802816901408,0.21830985915492956,78,21,0.2692307692307692,217,449,149,[],[]
tfidf_relative_margin_2_0.1,tfidf,relative_margin,2.0,,0.1,426,426,426,0,1.0,0,34,0.07981220657276995,0.2875586854460094,0.49178403755868544,0.3556338028169021,0.28638497652582157,0.33152173913043476,0.5,0.3986928104575163,0.24897959183673468,1.295774647887324,0.352112676056338,78,31,0.3974358974358974,183,369,183,[],[]
tfidf_relative_margin_3_0.0,tfidf,relative_margin,3.0,,0.0,426,426,426,0,1.0,0,0,0.0,0.22769953051643144,0.6619718309859155,0.33732394366197205,0.2265258215962437,0.22769953051643194,0.7950819672131147,0.354014598540146,0.21507760532150777,3.0,0.0,78,0,0.0,291,987,75,[],[]
tfidf_relative_margin_2_0.15,tfidf,relative_margin,2.0,,0.15,426,426,426,0,1.0,0,41,0.09624413145539906,0.2699530516431925,0.44014084507042256,0.32668231611893617,0.2687793427230047,0.3347826086956522,0.4207650273224044,0.3728813559322034,0.22916666666666666,1.07981220657277,0.460093896713615,78,38,0.48717948717948717,154,306,212,[],[]
tfidf_relative_margin_2_0.2,tfidf,relative_margin,2.0,,0.2,426,426,426,0,1.0,0,43,0.10093896713615023,0.2511737089201878,0.397887323943662,0.30007824726134597,0.25,0.3526315789473684,0.366120218579235,0.35924932975871315,0.21895424836601307,0.892018779342723,0.5539906103286385,78,40,0.5128205128205128,134,246,232,[],[]
tfidf_relative_margin_3_0.05,tfidf,relative_margin,3.0,,0.05,426,426,426,0,1.0,0,20,0.046948356807511735,0.20735524256651056,0.5129107981220657,0.28450704225352114,0.2067683881064167,0.23809523809523808,0.5601092896174863,0.33414832925835375,0.20058708414872797,2.0211267605633805,0.32629107981220656,78,20,0.2564102564102564,205,656,161,[],[]
tfidf_relative_margin_2_0.25,tfidf,relative_margin,2.0,,0.25,426,426,426,0,1.0,0,46,0.107981220657277,0.22417840375586853,0.3380281690140845,0.262128325508607,0.22339593114241002,0.34539473684210525,0.28688524590163933,0.3134328358208955,0.18584070796460178,0.7136150234741784,0.6431924882629108,78,43,0.5512820512820513,105,199,261,[],[]
tfidf_relative_margin_3_0.1,tfidf,relative_margin,3.0,,0.1,426,426,426,0,1.0,0,28,0.06572769953051644,0.18466353677621294,0.4084507042253521,0.24131455399061033,0.18427230046948367,0.23348694316436253,0.41530054644808745,0.29891838741396265,0.17572254335260115,1.528169014084507,0.49061032863849763,78,28,0.358974358974359,152,499,214,[],[]
tfidf_relative_margin_2_0.3,tfidf,relative_margin,2.0,,0.3,426,426,426,0,1.0,0,51,0.11971830985915492,0.20892018779342722,0.29694835680751175,0.23826291079812195,0.20852895148669798,0.3416666666666667,0.22404371584699453,0.2706270627062706,0.15648854961832062,0.5633802816901409,0.7183098591549296,78,48,0.6153846153846154,82,158,284,[],[]
tfidf_relative_margin_2_0.35,tfidf,relative_margin,2.0,,0.35,426,426,426,0,1.0,0,55,0.12910798122065728,0.19953051643192488,0.2687793427230047,0.22261345852895148,0.1991392801251956,0.35106382978723405,0.18032786885245902,0.23826714801444046,0.13524590163934427,0.4413145539906103,0.7793427230046949,78,52,0.6666666666666666,66,122,300,[],[]
tfidf_relative_margin_3_0.15,tfidf,relative_margin,3.0,,0.15,426,426,426,0,1.0,0,38,0.0892018779342723,0.17762128325508597,0.34624413145539906,0.22018779342723,0.17742566510172136,0.23251028806584362,0.3087431693989071,0.2652582159624413,0.15290933694181327,1.1408450704225352,0.6197183098591549,78,38,0.48717948717948717,113,373,253,[],[]
tfidf_relative_margin_2_0.4,tfidf,relative_margin,2.0,,0.4,426,426,426,0,1.0,0,58,0.13615023474178403,0.19014084507042253,0.24295774647887325,0.20774647887323947,0.18974960876369326,0.3333333333333333,0.13114754098360656,0.18823529411764708,0.1038961038961039,0.3380281690140845,0.8309859154929577,78,57,0.7307692307692307,48,96,318,[],[]
tfidf_relative_margin_3_0.2,tfidf,relative_margin,3.0,,0.2,426,426,426,0,1.0,0,45,0.1056338028169014,0.16666666666666663,0.2828638497652582,0.1960093896713615,0.16647104851330202,0.22608695652173913,0.21311475409836064,0.21940928270042195,0.12322274881516587,0.8098591549295775,0.7300469483568075,78,45,0.5769230769230769,78,267,288,[],[]
tfidf_relative_margin_3_0.25,tfidf,relative_margin,3.0,,0.25,426,426,426,0,1.0,0,51,0.11971830985915492,0.16510172143974963,0.25,0.18661971830985916,0.16490610328638497,0.2222222222222222,0.15846994535519127,0.1850079744816587,0.10193321616871705,0.6126760563380281,0.795774647887324,78,51,0.6538461538461539,58,203,308,[],[]
tfidf_relative_margin_3_0.3,tfidf,relative_margin,3.0,,0.3,426,426,426,0,1.0,0,54,0.1267605633802817,0.1588419405320814,0.21713615023474178,0.17370892018779344,0.15864632237871676,0.20707070707070707,0.11202185792349727,0.1453900709219858,0.07839388145315487,0.4647887323943662,0.8450704225352113,78,54,0.6923076923076923,41,157,325,[],[]
tfidf_relative_margin_3_0.35,tfidf,relative_margin,3.0,,0.35,426,426,426,0,1.0,0,54,0.1267605633802817,0.15414710485133018,0.20422535211267606,0.16690140845070423,0.15414710485133018,0.20114942528735633,0.09562841530054644,0.12962962962962962,0.06930693069306931,0.4084507042253521,0.863849765258216,78,54,0.6923076923076923,35,139,331,[],[]
tfidf_relative_margin_3_0.4,tfidf,relative_margin,3.0,,0.4,426,426,426,0,1.0,0,55,0.12910798122065728,0.14632237871674492,0.1807511737089202,0.15492957746478872,0.14632237871674492,0.16296296296296298,0.060109289617486336,0.08782435129740518,0.04592901878914405,0.31690140845070425,0.8943661971830986,78,55,0.7051282051282052,22,113,344,[],[]
tfidf_threshold_0.13,tfidf,threshold,,0.13,,426,426,426,0,1.0,0,144,0.3380281690140845,0.4377990163201432,0.5539906103286385,0.46752738654147097,0.4305220210149789,0.37796610169491524,0.6092896174863388,0.46652719665271963,0.3042291950886767,1.3849765258215962,0.24882629107981222,78,18,0.23076923076923078,223,367,143,[],[]
tfidf_threshold_0.1,tfidf,threshold,,0.1,,426,426,426,0,1.0,0,121,0.284037558685446,0.414909829346449,0.6091549295774648,0.4597473731276548,0.4066938669051345,0.2855543113101904,0.6967213114754098,0.4050833995234313,0.2539840637450199,2.096244131455399,0.10093896713615023,78,11,0.14102564102564102,255,638,111,[],[]
tfidf_threshold_0.16,tfidf,threshold,,0.16,,426,426,426,0,1.0,0,141,0.33098591549295775,0.40258215962441335,0.4706572769953052,0.41862284820031287,0.3940532081377153,0.41898148148148145,0.49453551912568305,0.4536340852130326,0.293354943273906,1.0140845070422535,0.38028169014084506,78,24,0.3076923076923077,181,251,185,[],[]
tfidf_threshold_0.07,tfidf,threshold,,0.07,,426,426,426,0,1.0,0,58,0.13615023474178403,0.3009152819011974,0.6924882629107981,0.3742585531317928,0.2952870681743921,0.17743830787309048,0.825136612021858,0.2920696324951644,0.1710079275198188,3.995305164319249,0.01643192488262911,78,2,0.02564102564102564,302,1400,64,[],[]
tfidf_threshold_0.19,tfidf,threshold,,0.19,,426,426,426,0,1.0,0,122,0.2863849765258216,0.33998435054773063,0.3873239436619718,0.3507824726134588,0.3329420970266039,0.4064327485380117,0.3797814207650273,0.3926553672316384,0.24428822495606328,0.8028169014084507,0.5,78,29,0.3717948717948718,139,203,227,[],[]
tfidf_threshold_0.04,tfidf,threshold,,0.04,,426,426,426,0,1.0,0,5,0.011737089201877934,0.1207857029794316,0.7746478873239436,0.19091310622617685,0.12074992879150767,0.06862940123333997,0.9426229508196722,0.12794363063230113,0.06834389857369255,11.800469483568076,0.0,78,0,0.0,345,4682,21,[],[]
tfidf_top_k_1,tfidf,top_k,1.0,,,426,426,426,0,1.0,0,221,0.5187793427230047,0.5422535211267606,0.5305164319248826,0.5344287949921751,0.5305164319248826,0.5422535211267606,0.6311475409836066,0.5833333333333334,0.4117647058823529,1.0,0.0,78,0,0.0,231,195,135,[],[]
tfidf_top_k_2,tfidf,top_k,2.0,,,426,426,426,0,1.0,0,4,0.009389671361502348,0.30985915492957744,0.602112676056338,0.40727699530516387,0.3071205007824727,0.30985915492957744,0.7213114754098361,0.4334975369458128,0.27672955974842767,2.0,0.0,78,0,0.0,264,588,102,[],[]
tfidf_top_k_3,tfidf,top_k,3.0,,,426,426,426,0,1.0,0,0,0.0,0.22769953051643144,0.6619718309859155,0.33732394366197205,0.2265258215962437,0.22769953051643194,0.7950819672131147,0.354014598540146,0.21507760532150777,3.0,0.0,78,0,0.0,291,987,75,[],[]
tfidf_top_k_threshold_1_0.1,tfidf,top_k_threshold,1.0,0.1,,426,426,426,0,1.0,0,225,0.528169014084507,0.5492957746478874,0.5387323943661971,0.5422535211267604,0.5387323943661971,0.5822454308093995,0.6092896174863388,0.595460614152203,0.42395437262357416,0.8990610328638498,0.10093896713615023,78,11,0.14102564102564102,223,160,143,[],[]
tfidf_top_k_threshold_1_0.08,tfidf,top_k_threshold,1.0,0.08,,426,426,426,0,1.0,0,224,0.5258215962441315,0.5492957746478874,0.5375586854460094,0.5414710485133019,0.5375586854460094,0.5626535626535627,0.6256830601092896,0.592496765847348,0.4209558823529412,0.9553990610328639,0.04460093896713615,78,5,0.0641025641025641,229,178,137,[],[]
tfidf_top_k_threshold_1_0.06,tfidf,top_k_threshold,1.0,0.06,,426,426,426,0,1.0,0,223,0.5234741784037559,0.5469483568075117,0.5352112676056338,0.5391236306729263,0.5352112676056338,0.5460992907801419,0.6311475409836066,0.5855513307984792,0.41397849462365593,0.9929577464788732,0.007042253521126761,78,2,0.02564102564102564,231,192,135,[],[]
tfidf_top_k_threshold_1_0.04,tfidf,top_k_threshold,1.0,0.04,,426,426,426,0,1.0,0,221,0.5187793427230047,0.5422535211267606,0.5305164319248826,0.5344287949921751,0.5305164319248826,0.5422535211267606,0.6311475409836066,0.5833333333333334,0.4117647058823529,1.0,0.0,78,0,0.0,231,195,135,[],[]
tfidf_top_k_threshold_1_0.12,tfidf,top_k_threshold,1.0,0.12,,426,426,426,0,1.0,0,213,0.5,0.5164319248826291,0.5082159624413145,0.5109546165884193,0.5082159624413145,0.6005830903790087,0.5628415300546448,0.5811001410437237,0.4095427435387674,0.8051643192488263,0.19483568075117372,78,14,0.1794871794871795,206,137,160,[],[]
tfidf_top_k_threshold_2_0.1,tfidf,top_k_threshold,2.0,0.1,,426,426,426,0,1.0,0,121,0.284037558685446,0.44835680751173707,0.5868544600938967,0.49217527386541376,0.43974960876369334,0.39546191247974066,0.6666666666666666,0.49643947100712105,0.3301759133964817,1.448356807511737,0.10093896713615023,78,11,0.14102564102564102,244,373,122,[],[]
tfidf_top_k_threshold_1_0.14,tfidf,top_k_threshold,1.0,0.14,,426,426,426,0,1.0,0,199,0.4671361502347418,0.4835680751173709,0.4753521126760563,0.4780907668231611,0.4753521126760563,0.6296296296296297,0.5109289617486339,0.564102564102564,0.39285714285714285,0.6971830985915493,0.3028169014084507,78,19,0.24358974358974358,187,110,179,[],[]
tfidf_top_k_threshold_2_0.12,tfidf,top_k_threshold,2.0,0.12,,426,426,426,0,1.0,0,131,0.3075117370892019,0.43896713615023475,0.5492957746478874,0.47378716744913857,0.43192488262910805,0.4307692307692308,0.6120218579234973,0.5056433408577878,0.338368580060423,1.2206572769953052,0.19483568075117372,78,14,0.1794871794871795,224,296,142,[],[]
tfidf_top_k_threshold_3_0.1,tfidf,top_k_threshold,3.0,0.1,,426,426,426,0,1.0,0,121,0.284037558685446,0.4248826291079816,0.602112676056338,0.4715179968701093,0.41647104851330236,0.33691275167785234,0.6857923497267759,0.45184518451845185,0.29186046511627906,1.7488262910798122,0.10093896713615023,78,11,0.14102564102564102,251,494,115,[],[]
tfidf_top_k_threshold_2_0.08,tfidf,top_k_threshold,2.0,0.08,,426,426,426,0,1.0,0,79,0.18544600938967137,0.4025821596244131,0.5927230046948356,0.4636150234741774,0.3935837245696401,0.35335195530726254,0.6912568306010929,0.4676524953789279,0.30518697225572977,1.6807511737089202,0.04460093896713615,78,5,0.0641025641025641,253,463,113,[],[]
tfidf_top_k_threshold_3_0.12,tfidf,top_k_threshold,3.0,0.12,,426,426,426,0,1.0,0,131,0.3075117370892019,0.4252738654147108,0.562206572769953,0.4622065727699528,0.41803599374021944,0.37643207855973815,0.6284153005464481,0.4708290685772774,0.3078982597054886,1.4342723004694835,0.19483568075117372,78,14,0.1794871794871795,230,381,136,[],[]
tfidf_top_k_threshold_2_0.14,tfidf,top_k_threshold,2.0,0.14,,426,426,426,0,1.0,0,140,0.3286384976525822,0.4284037558685446,0.5082159624413145,0.4530516431924878,0.42175273865414714,0.4696261682242991,0.5491803278688525,0.5062972292191437,0.33895446880269814,1.0046948356807512,0.3028169014084507,78,19,0.24358974358974358,201,227,165,[],[]
tfidf_top_k_threshold_3_0.14,tfidf,top_k_threshold,3.0,0.14,,426,426,426,0,1.0,0,140,0.3286384976525822,0.4182316118935841,0.5117370892018779,0.4434272300469483,0.411384976525822,0.41513292433537835,0.5546448087431693,0.47485380116959064,0.3113496932515337,1.147887323943662,0.3028169014084507,78,19,0.24358974358974358,203,286,163,[],[]
tfidf_top_k_threshold_1_0.16,tfidf,top_k_threshold,1.0,0.16,,426,426,426,0,1.0,0,184,0.431924882629108,0.44835680751173707,0.44014084507042256,0.4428794992175273,0.44014084507042256,0.6325757575757576,0.4562841530054645,0.5301587301587302,0.36069114470842334,0.6197183098591549,0.38028169014084506,78,24,0.3076923076923077,167,97,199,[],[]
tfidf_top_k_threshold_2_0.06,tfidf,top_k_threshold,2.0,0.06,,426,426,426,0,1.0,0,39,0.09154929577464789,0.35563380281690143,0.602112676056338,0.4366197183098583,0.34976525821596255,0.3254364089775561,0.7131147540983607,0.4469178082191781,0.28776185226019846,1.8826291079812207,0.007042253521126761,78,2,0.02564102564102564,261,541,105,[],[]
tfidf_top_k_threshold_3_0.08,tfidf,top_k_threshold,3.0,0.08,,426,426,426,0,1.0,0,79,0.18544600938967137,0.36658841940532116,0.6220657276995305,0.4329420970266038,0.35798122065727733,0.2841880341880342,0.726775956284153,0.40860215053763443,0.25675675675675674,2.1971830985915495,0.04460093896713615,78,5,0.0641025641025641,266,670,100,[],[]
tfidf_top_k_threshold_2_0.16,tfidf,top_k_threshold,2.0,0.16,,426,426,426,0,1.0,0,141,0.33098591549295775,0.4119718309859155,0.46830985915492956,0.4280125195618147,0.40375586854460094,0.48509485094850946,0.4890710382513661,0.48707482993197276,0.32194244604316546,0.8661971830985915,0.38028169014084506,78,24,0.3076923076923077,179,190,187,[],[]
tfidf_top_k_threshold_3_0.16,tfidf,top_k_threshold,3.0,0.16,,426,426,426,0,1.0,0,141,0.33098591549295775,0.40375586854460127,0.4694835680751174,0.41995305164319224,0.39534428794992205,0.4295942720763723,0.4918032786885246,0.4585987261146497,0.2975206611570248,0.9835680751173709,0.38028169014084506,78,24,0.3076923076923077,180,239,186,[],[]
tfidf_top_k_threshold_2_0.04,tfidf,top_k_threshold,2.0,0.04,,426,426,426,0,1.0,0,8,0.018779342723004695,0.31338028169014087,0.5997652582159625,0.4088419405320809,0.31064162754303615,0.3105076741440378,0.7185792349726776,0.4336356141797197,0.2768421052631579,1.988262910798122,0.0,78,0,0.0,263,584,103,[],[]
tfidf_top_k_threshold_3_0.06,tfidf,top_k_threshold,3.0,0.06,,426,426,426,0,1.0,0,39,0.09154929577464789,0.3039906103286377,0.6502347417840375,0.39381846635367773,0.2994913928012512,0.2529043789097408,0.773224043715847,0.3811447811447811,0.23544093178036607,2.6267605633802815,0.007042253521126761,78,2,0.02564102564102564,283,836,83,[],[]
tfidf_top_k_threshold_3_0.04,tfidf,top_k_threshold,3.0,0.04,,426,426,426,0,1.0,0,5,0.011737089201877934,0.23904538341158008,0.6572769953051644,0.3460093896713618,0.23787167449139232,0.23157051282051283,0.7896174863387978,0.3581164807930607,0.2181132075471698,2.9295774647887325,0.0,78,0,0.0,289,959,77,[],[]
