representation,metric,count,min,p10,p25,median,p75,p90,max
e5,worst_gold_score,358,0.7882192134857178,0.8330961525440216,0.8486690521240234,0.8710250854492188,0.887292891740799,0.8998576581478119,0.9158748388290405
e5,best_non_gold_score,358,0.7887822389602661,0.8203102111816406,0.8399413824081421,0.8574618101119995,0.8729575425386429,0.8865285277366638,0.9180277585983276
e5,zero_gold_top_score,74,0.7833250761032104,0.8164130449295044,0.8309553563594818,0.8462152183055878,0.8633051365613937,0.8694905340671539,0.8898325562477112
e5,worst_gold_margin,358,-0.053640902042388916,-0.01121724247932434,-0.0007124096155166626,0.01245105266571045,0.02675873041152954,0.03800119757652283,0.08681720495223999
tfidf,worst_gold_score,358,0.0,0.05908882543089513,0.0855179093079114,0.16451752399640593,0.2571132389926303,0.37299155255623473,0.7362304472819854
tfidf,best_non_gold_score,358,0.026730346015133216,0.057575348700127316,0.07553364622544267,0.11129639808149588,0.14587668104950272,0.24765871464990089,0.6828999899823659
tfidf,zero_gold_top_score,74,0.05181036039418967,0.09443139223183179,0.13175590137579923,0.2911834776262958,0.4249829586817987,0.5162313975108006,0.6657036788753646
tfidf,worst_gold_margin,358,-0.3602115769407036,-0.08195079722990936,-0.028879075643451727,0.04896482245327524,0.14101109488952746,0.20466548503169948,0.5369767424667923
sentence_bert,worst_gold_score,358,0.2799229621887207,0.47396271526813505,0.5654081553220749,0.6668625175952911,0.7361319810152054,0.7817179203033447,0.879122257232666
sentence_bert,best_non_gold_score,358,0.36712563037872314,0.5399860441684723,0.6111287772655487,0.6713071763515472,0.7249176055192947,0.7595263481140136,0.8604919910430908
sentence_bert,zero_gold_top_score,74,0.39446204900741577,0.570455914735794,0.5944921225309372,0.639413595199585,0.6838400661945343,0.7172122478485108,0.8344312906265259
sentence_bert,worst_gold_margin,358,-0.30663007497787476,-0.1251737058162689,-0.06654392182826996,-0.00702977180480957,0.04355701059103012,0.093001788854599,0.25583165884017944
